Abipon	p
Abipon	t
Abipon	c
Abipon	k
Abipon	q
Abipon	ɣ
Abipon	ʁ
Abipon	h
Abipon	m
Abipon	n
Abipon	ɲ
Abipon	ɾ
Abipon	l
Abipon	i
Abipon	iː
Abipon	e
Abipon	eː
Abipon	ə
Abipon	əː
Abipon	o
Abipon	oː
Abipon	a
Abipon	aː
Achagua	p
Achagua	b
Achagua	t
Achagua	d
Achagua	k
Achagua	kʷ
Achagua	ʔ
Achagua	ts
Achagua	tʃ
Achagua	s
Achagua	ʃ
Achagua	ʒ
Achagua	h
Achagua	m
Achagua	n
Achagua	j
Achagua	w
Achagua	ɾ
Achagua	l
Achagua	i
Achagua	iː
Achagua	u
Achagua	uː
Achagua	e
Achagua	eː
Achagua	o
Achagua	oː
Achagua	a
Achagua	aː
Ache	p
Ache	b
Ache	t
Ache	d
Ache	tʃ
Ache	dʒ
Ache	k
Ache	ɡ
Ache	ʔ
Ache	mb
Ache	nd
Ache	ndʒ
Ache	ŋɡ
Ache	ɸ
Ache	β
Ache	v
Ache	m
Ache	n
Ache	ɲ
Ache	j
Ache	w
Ache	ɾ
Ache	i
Ache	ĩ
Ache	ɨ
Ache	ɨ̃
Ache	u
Ache	ũ
Ache	e
Ache	ẽ
Ache	o
Ache	õ
Ache	a
Ache	ã
Achuar	p
Achuar	t
Achuar	k
Achuar	ʔ
Achuar	ts
Achuar	tʃ
Achuar	s
Achuar	ʃ
Achuar	x
Achuar	m
Achuar	n
Achuar	ŋ
Achuar	j
Achuar	w
Achuar	ɾ
Achuar	i
Achuar	ĩ
Achuar	iː
Achuar	ɨ
Achuar	ɨ̃
Achuar	ɨː
Achuar	u
Achuar	ũ
Achuar	uː
Achuar	a
Achuar	ã
Achuar	aː
Aguaruna	p
Aguaruna	t
Aguaruna	k
Aguaruna	ʔ
Aguaruna	ts
Aguaruna	tʃ
Aguaruna	s
Aguaruna	ʃ
Aguaruna	h
Aguaruna	m
Aguaruna	n
Aguaruna	β̞
Aguaruna	j
Aguaruna	ɰ
Aguaruna	ɾ
Aguaruna	i
Aguaruna	ĩ
Aguaruna	ɨ
Aguaruna	ɨ̃
Aguaruna	u
Aguaruna	ũ
Aguaruna	a
Aguaruna	ã
Aikana	p
Aikana	t
Aikana	tˣ
Aikana	k
Aikana	ʔ
Aikana	b
Aikana	d
Aikana	ts
Aikana	m
Aikana	n
Aikana	ɲ
Aikana	ð̞
Aikana	j
Aikana	w
Aikana	ɾ
Aikana	i
Aikana	ĩ
Aikana	y
Aikana	u
Aikana	ũ
Aikana	e
Aikana	ẽ
Aikana	o
Aikana	a
Aikana	ã
Aiwa	p
Aiwa	t
Aiwa	kʲ
Aiwa	k
Aiwa	kʷ
Aiwa	ʔ
Aiwa	ts
Aiwa	tʃ
Aiwa	s
Aiwa	ʃ
Aiwa	h
Aiwa	m
Aiwa	n
Aiwa	j
Aiwa	w
Aiwa	ɾ
Aiwa	l
Aiwa	i
Aiwa	ĩ
Aiwa	ɨ
Aiwa	u
Aiwa	ũ
Aiwa	e
Aiwa	o
Aiwa	õ
Aiwa	a
Aiwa	ã
Akuntsu	p
Akuntsu	t
Akuntsu	k
Akuntsu	kʷ
Akuntsu	ʔ
Akuntsu	m
Akuntsu	n
Akuntsu	ŋ
Akuntsu	j
Akuntsu	w
Akuntsu	ɾ
Akuntsu	i
Akuntsu	ĩ
Akuntsu	ɨ
Akuntsu	ɨ̃
Akuntsu	u
Akuntsu	ũ
Akuntsu	ɛ
Akuntsu	ɛ̃
Akuntsu	ɔ
Akuntsu	a
Akuntsu	ã
Akurio	p
Akurio	t
Akurio	tʃ
Akurio	k
Akurio	ʔ
Akurio	m
Akurio	n
Akurio	j
Akurio	w
Akurio	ɾ
Akurio	i
Akurio	iː
Akurio	ɨ
Akurio	ɨː
Akurio	u
Akurio	uː
Akurio	e
Akurio	eː
Akurio	ə
Akurio	əː
Akurio	o
Akurio	oː
Akurio	a
Akurio	aː
AlacalufeC	pʼ
AlacalufeC	tʼ
AlacalufeC	tʃʼ
AlacalufeC	kʼ
AlacalufeC	p
AlacalufeC	t
AlacalufeC	tʃ
AlacalufeC	k
AlacalufeC	q
AlacalufeC	f
AlacalufeC	s
AlacalufeC	h
AlacalufeC	n
AlacalufeC	j
AlacalufeC	w
AlacalufeC	ɾ
AlacalufeC	ɬ
AlacalufeC	l
AlacalufeC	i
AlacalufeC	u
AlacalufeC	e
AlacalufeC	o
AlacalufeC	æ
AlacalufeC	a
AlacalufeS	pʼ
AlacalufeS	tʼ
AlacalufeS	tʃʼ
AlacalufeS	kʼ
AlacalufeS	p
AlacalufeS	t
AlacalufeS	tʃ
AlacalufeS	k
AlacalufeS	q
AlacalufeS	f
AlacalufeS	s
AlacalufeS	h
AlacalufeS	m
AlacalufeS	n
AlacalufeS	j
AlacalufeS	w
AlacalufeS	ɾ
AlacalufeS	ɬ
AlacalufeS	l
AlacalufeS	i
AlacalufeS	u
AlacalufeS	e
AlacalufeS	o
AlacalufeS	æ
AlacalufeS	a
Amahuaca	p
Amahuaca	t
Amahuaca	k
Amahuaca	ʔ
Amahuaca	ts
Amahuaca	tʃ
Amahuaca	s
Amahuaca	ʃ
Amahuaca	x
Amahuaca	h
Amahuaca	m
Amahuaca	n
Amahuaca	j
Amahuaca	w
Amahuaca	ɾ
Amahuaca	i
Amahuaca	ĩ
Amahuaca	ɨ
Amahuaca	ɨ̃
Amahuaca	o
Amahuaca	õ
Amahuaca	a
Amahuaca	ã
Amarakaeri	p
Amarakaeri	t
Amarakaeri	k
Amarakaeri	ʔ
Amarakaeri	mb
Amarakaeri	nd
Amarakaeri	ŋɡ
Amarakaeri	s
Amarakaeri	x
Amarakaeri	m
Amarakaeri	n
Amarakaeri	ŋ
Amarakaeri	j
Amarakaeri	w
Amarakaeri	ɾ
Amarakaeri	i
Amarakaeri	ĩ
Amarakaeri	iː
Amarakaeri	ĩː
Amarakaeri	ɨ
Amarakaeri	ɨː
Amarakaeri	e
Amarakaeri	ẽ
Amarakaeri	eː
Amarakaeri	ẽː
Amarakaeri	o
Amarakaeri	õ
Amarakaeri	oː
Amarakaeri	õː
Amarakaeri	a
Amarakaeri	ã
Amarakaeri	aː
Amarakaeri	ãː
Amundava	p
Amundava	t
Amundava	tʃ
Amundava	k
Amundava	kʷ
Amundava	ʔ
Amundava	β
Amundava	h
Amundava	m
Amundava	n
Amundava	ɲ
Amundava	ŋ
Amundava	ŋʷ
Amundava	ɾ
Amundava	i
Amundava	ĩ
Amundava	ɨ
Amundava	ɨ̃
Amundava	u
Amundava	ũ
Amundava	e
Amundava	ẽ
Amundava	o
Amundava	õ
Amundava	a
Amundava	ã
AncashQ	p
AncashQ	t
AncashQ	k
AncashQ	q
AncashQ	ts
AncashQ	tʃ
AncashQ	ʈʂ
AncashQ	s
AncashQ	ʃ
AncashQ	h
AncashQ	m
AncashQ	n
AncashQ	ɲ
AncashQ	j
AncashQ	w
AncashQ	ɾ
AncashQ	l
AncashQ	ʎ
AncashQ	i
AncashQ	iː
AncashQ	u
AncashQ	uː
AncashQ	a
AncashQ	aː
Andoa	p
Andoa	pʲ
Andoa	t
Andoa	tʲ
Andoa	k
Andoa	kʲ
Andoa	kʷ
Andoa	ts
Andoa	tʃ
Andoa	s
Andoa	ʃ
Andoa	hʷ
Andoa	h
Andoa	m
Andoa	n
Andoa	ɲ
Andoa	j
Andoa	w
Andoa	ɾ
Andoa	ɾʲ
Andoa	i
Andoa	ɨ
Andoa	u
Andoa	o̝
Andoa	a
Andoke	p
Andoke	t
Andoke	k
Andoke	b
Andoke	d
Andoke	ɟ
Andoke	ɸ
Andoke	s
Andoke	h
Andoke	ɲ
Andoke	ɾ
Andoke	i
Andoke	ĩ
Andoke	iː
Andoke	ɯ
Andoke	ɯː
Andoke	u
Andoke	uː
Andoke	e
Andoke	ẽ
Andoke	eː
Andoke	ɤ
Andoke	ɤ̃
Andoke	ɤː
Andoke	o
Andoke	õ
Andoke	oː
Andoke	a
Andoke	ã
Andoke	aː
Andoke	ɑ
Andoke	ɑː
Andoke	ɒ
Andoke	ɒ̃
Andoke	ɒː
Apalai	p
Apalai	t
Apalai	k
Apalai	ʔ
Apalai	s
Apalai	z
Apalai	ʃ
Apalai	m
Apalai	n
Apalai	j
Apalai	w
Apalai	ɾ
Apalai	i
Apalai	ĩ
Apalai	ɨ
Apalai	ɨ̃
Apalai	u
Apalai	ũ
Apalai	e
Apalai	ẽ
Apalai	o
Apalai	õ
Apalai	a
Apalai	ã
Apiaka	p
Apiaka	t
Apiaka	k
Apiaka	ʔ
Apiaka	s
Apiaka	h
Apiaka	m
Apiaka	n
Apiaka	ŋ
Apiaka	j
Apiaka	w
Apiaka	ɾ
Apiaka	i
Apiaka	ĩ
Apiaka	ɨ
Apiaka	u
Apiaka	ũ
Apiaka	e
Apiaka	ẽ
Apiaka	o
Apiaka	a
Apiaka	ã
Apinaye	p
Apinaye	t
Apinaye	tʃ
Apinaye	k
Apinaye	ʔ
Apinaye	mb
Apinaye	nd
Apinaye	ndʒ
Apinaye	f
Apinaye	s
Apinaye	m
Apinaye	n
Apinaye	ɲ
Apinaye	ŋ
Apinaye	j
Apinaye	w
Apinaye	ɾ
Apinaye	i
Apinaye	ĩ
Apinaye	ɨ
Apinaye	ɨ̃
Apinaye	u
Apinaye	ũ
Apinaye	e
Apinaye	ẽ
Apinaye	ɘ
Apinaye	o
Apinaye	õ
Apinaye	ə
Apinaye	ə̃
Apinaye	ɛ
Apinaye	ʌ
Apinaye	ɔ
Apinaye	a
Apurina	p
Apurina	t
Apurina	k
Apurina	ts
Apurina	tʃ
Apurina	s
Apurina	ʃ
Apurina	h
Apurina	m
Apurina	n
Apurina	ɲ
Apurina	j
Apurina	ɰ
Apurina	ɾ
Apurina	i
Apurina	ĩ
Apurina	iː
Apurina	ĩː
Apurina	ɨ
Apurina	ɨ̃
Apurina	ɨː
Apurina	ɨ̃ː
Apurina	e
Apurina	ẽ
Apurina	eː
Apurina	ẽː
Apurina	o
Apurina	õ
Apurina	oː
Apurina	õː
Apurina	a
Apurina	ã
Apurina	aː
Apurina	ãː
Arabela	p
Arabela	t
Arabela	tʲ
Arabela	k
Arabela	kʲ
Arabela	kʷ
Arabela	kʷʲ
Arabela	s
Arabela	ʃ
Arabela	hʷ
Arabela	h
Arabela	hʲ
Arabela	m
Arabela	mʲ
Arabela	n
Arabela	ɲ
Arabela	j
Arabela	w
Arabela	ɾ
Arabela	ɾʲ
Arabela	i
Arabela	iː
Arabela	u
Arabela	uː
Arabela	ɪ
Arabela	ɪː
Arabela	o
Arabela	oː
Arabela	a
Arabela	aː
Araona	p
Araona	b
Araona	t
Araona	d
Araona	k
Araona	kʷ
Araona	ts
Araona	tʃ
Araona	dʒ
Araona	s
Araona	z
Araona	ʃ
Araona	h
Araona	m
Araona	n
Araona	ɲ
Araona	j
Araona	w
Araona	l
Araona	i
Araona	e
Araona	o
Araona	a
Shawa	p
Shawa	t
Shawa	k
Shawa	b
Shawa	d
Shawa	ts
Shawa	tʃ
Shawa	f
Shawa	s
Shawa	ʃ
Shawa	ʂ
Shawa	m
Shawa	n
Shawa	ɾ
Shawa	i
Shawa	ĩ
Shawa	ɨ
Shawa	ɨ̃
Shawa	u
Shawa	ũ
Shawa	a
Shawa	ã
AraraMG	p
AraraMG	t
AraraMG	tʃ
AraraMG	k
AraraMG	b
AraraMG	d
AraraMG	dʒ
AraraMG	ɡ
AraraMG	f
AraraMG	s
AraraMG	ʃ
AraraMG	x
AraraMG	m
AraraMG	n
AraraMG	ɲ
AraraMG	ŋ
AraraMG	j
AraraMG	w
AraraMG	ɾ
AraraMG	i
AraraMG	ĩ
AraraMG	ɨ
AraraMG	ɨ̃
AraraMG	u
AraraMG	ũ
AraraMG	e
AraraMG	ẽ
AraraMG	o
AraraMG	õ
AraraMG	ɛ
AraraMG	ɔ
AraraMG	a
AraraMG	ã
AraraPara	p
AraraPara	t
AraraPara	tʃ
AraraPara	k
AraraPara	m
AraraPara	n
AraraPara	ŋ
AraraPara	j
AraraPara	w
AraraPara	ɾ
AraraPara	l
AraraPara	i
AraraPara	ɨ
AraraPara	u
AraraPara	e
AraraPara	o
AraraPara	a
Arawete	p
Arawete	t
Arawete	tʃ
Arawete	k
Arawete	ʔ
Arawete	d
Arawete	h
Arawete	m
Arawete	n
Arawete	j
Arawete	w
Arawete	ɾ
Arawete	i
Arawete	ĩ
Arawete	ɨ
Arawete	ɨ̃
Arawete	e
Arawete	ẽ
Arawete	o
Arawete	õ
Arawete	a
Arikapu	p
Arikapu	t
Arikapu	tʃ
Arikapu	k
Arikapu	ʔ
Arikapu	h
Arikapu	m
Arikapu	n
Arikapu	j
Arikapu	w
Arikapu	ɾ
Arikapu	i
Arikapu	ĩ
Arikapu	ɨ
Arikapu	u
Arikapu	ũ
Arikapu	ɪ
Arikapu	e
Arikapu	ẽ
Arikapu	ə
Arikapu	ə̃
Arikapu	o
Arikapu	õ
Arikapu	a
Arikapu	ã
Ashaninka	p
Ashaninka	t
Ashaninka	k
Ashaninka	ts
Ashaninka	tʃ
Ashaninka	β
Ashaninka	s
Ashaninka	ʃ
Ashaninka	h
Ashaninka	m
Ashaninka	n
Ashaninka	N
Ashaninka	j
Ashaninka	ɾ
Ashaninka	i
Ashaninka	iː
Ashaninka	e
Ashaninka	eː
Ashaninka	o
Ashaninka	oː
Ashaninka	a
Ashaninka	aː
AsheninkaA	tʰ
AsheninkaA	tsʰ
AsheninkaA	tʃʰ
AsheninkaA	p
AsheninkaA	t
AsheninkaA	ts
AsheninkaA	tʃ
AsheninkaA	k
AsheninkaA	s
AsheninkaA	ç
AsheninkaA	h
AsheninkaA	m
AsheninkaA	n
AsheninkaA	ɲ
AsheninkaA	N
AsheninkaA	ʋ
AsheninkaA	j
AsheninkaA	ɰ
AsheninkaA	ɾ
AsheninkaA	ɾʲ
AsheninkaA	i
AsheninkaA	iː
AsheninkaA	o
AsheninkaA	oː
AsheninkaA	a
AsheninkaA	aː
AsheninkaPe	tsʰ
AsheninkaPe	p
AsheninkaPe	pʲ
AsheninkaPe	t
AsheninkaPe	tʲ
AsheninkaPe	k
AsheninkaPe	kʲ
AsheninkaPe	ts
AsheninkaPe	tʃ
AsheninkaPe	s
AsheninkaPe	ʃ
AsheninkaPe	h
AsheninkaPe	m
AsheninkaPe	n
AsheninkaPe	ɲ
AsheninkaPe	N
AsheninkaPe	j
AsheninkaPe	w
AsheninkaPe	ɾ
AsheninkaPe	ɾʲ
AsheninkaPe	i
AsheninkaPe	iː
AsheninkaPe	e
AsheninkaPe	eː
AsheninkaPe	o
AsheninkaPe	oː
AsheninkaPe	a
AsheninkaPe	aː
AsheninkaPi	tʰ
AsheninkaPi	tʃʰ
AsheninkaPi	p
AsheninkaPi	pʲ
AsheninkaPi	t
AsheninkaPi	tʃ
AsheninkaPi	k
AsheninkaPi	kʲ
AsheninkaPi	s
AsheninkaPi	ʃ
AsheninkaPi	h
AsheninkaPi	m
AsheninkaPi	mʲ
AsheninkaPi	n
AsheninkaPi	ɲ
AsheninkaPi	N
AsheninkaPi	w
AsheninkaPi	wʲ
AsheninkaPi	j
AsheninkaPi	ɰ
AsheninkaPi	ɾ
AsheninkaPi	ɾʲ
AsheninkaPi	i
AsheninkaPi	iː
AsheninkaPi	e
AsheninkaPi	eː
AsheninkaPi	o
AsheninkaPi	oː
AsheninkaPi	a
AsheninkaPi	aː
AsheninkaUc	tʰ
AsheninkaUc	tsʰ
AsheninkaUc	tʃʰ
AsheninkaUc	p
AsheninkaUc	pʲ
AsheninkaUc	t
AsheninkaUc	ts
AsheninkaUc	tʃ
AsheninkaUc	k
AsheninkaUc	kʲ
AsheninkaUc	β
AsheninkaUc	βʲ
AsheninkaUc	s
AsheninkaUc	ʃ
AsheninkaUc	h
AsheninkaUc	m
AsheninkaUc	mʲ
AsheninkaUc	n
AsheninkaUc	ɲ
AsheninkaUc	N
AsheninkaUc	j
AsheninkaUc	ɰ
AsheninkaUc	ɾ
AsheninkaUc	ɾʲ
AsheninkaUc	i
AsheninkaUc	iː
AsheninkaUc	e
AsheninkaUc	eː
AsheninkaUc	o
AsheninkaUc	oː
AsheninkaUc	a
AsheninkaUc	aː
AsuriniT	p
AsuriniT	t
AsuriniT	k
AsuriniT	kʷ
AsuriniT	ʔ
AsuriniT	s
AsuriniT	h
AsuriniT	m
AsuriniT	n
AsuriniT	ŋ
AsuriniT	w
AsuriniT	i
AsuriniT	ɨ
AsuriniT	e
AsuriniT	o
AsuriniT	a
AsuriniX	p
AsuriniX	t
AsuriniX	tʃ
AsuriniX	dʒ
AsuriniX	k
AsuriniX	kʷ
AsuriniX	ʔ
AsuriniX	ɸ
AsuriniX	β
AsuriniX	h
AsuriniX	m
AsuriniX	n
AsuriniX	ŋ
AsuriniX	j
AsuriniX	w
AsuriniX	ɾ
AsuriniX	i
AsuriniX	ĩ
AsuriniX	ɨ
AsuriniX	u
AsuriniX	ũ
AsuriniX	ɛ
AsuriniX	ɛ̃
AsuriniX	o
AsuriniX	õ
AsuriniX	a
AsuriniX	ã
AvaCanoeiro	p
AvaCanoeiro	t
AvaCanoeiro	tʃ
AvaCanoeiro	k
AvaCanoeiro	kʷ
AvaCanoeiro	ʁ
AvaCanoeiro	m
AvaCanoeiro	n
AvaCanoeiro	ŋ
AvaCanoeiro	j
AvaCanoeiro	w
AvaCanoeiro	ɾ
AvaCanoeiro	i
AvaCanoeiro	ĩ
AvaCanoeiro	ɨ
AvaCanoeiro	ɨ̃
AvaCanoeiro	u
AvaCanoeiro	ũ
AvaCanoeiro	e
AvaCanoeiro	ẽ
AvaCanoeiro	o
AvaCanoeiro	õ
AvaCanoeiro	a
AvaCanoeiro	ã
AwaCuaiquer	p
AwaCuaiquer	t
AwaCuaiquer	k
AwaCuaiquer	ts
AwaCuaiquer	tʃ
AwaCuaiquer	s
AwaCuaiquer	z
AwaCuaiquer	ʃ
AwaCuaiquer	ʒ
AwaCuaiquer	h
AwaCuaiquer	m
AwaCuaiquer	n
AwaCuaiquer	j
AwaCuaiquer	w
AwaCuaiquer	ɾ
AwaCuaiquer	l
AwaCuaiquer	i
AwaCuaiquer	ĩ
AwaCuaiquer	ɨ
AwaCuaiquer	ɨ̃
AwaCuaiquer	u
AwaCuaiquer	ũ
AwaCuaiquer	e
AwaCuaiquer	ẽ
AwaCuaiquer	a
AwaCuaiquer	ã
Aweti	p
Aweti	t
Aweti	k
Aweti	ʔ
Aweti	ts
Aweti	ʐ
Aweti	ɣ
Aweti	m
Aweti	n
Aweti	ŋ
Aweti	j
Aweti	w
Aweti	ɾ
Aweti	l
Aweti	i
Aweti	ĩ
Aweti	ɨ
Aweti	ɨ̃
Aweti	u
Aweti	ũ
Aweti	ɛ
Aweti	ɛ̃
Aweti	ɔ
Aweti	ɔ̃
Aweti	a
Aweti	ã
AyacuchoQ	p
AyacuchoQ	t
AyacuchoQ	tʃ
AyacuchoQ	k
AyacuchoQ	s
AyacuchoQ	χ
AyacuchoQ	h
AyacuchoQ	m
AyacuchoQ	n
AyacuchoQ	ɲ
AyacuchoQ	w
AyacuchoQ	ɾ
AyacuchoQ	l
AyacuchoQ	ʎ
AyacuchoQ	i
AyacuchoQ	u
AyacuchoQ	a
Aymara	pʰ
Aymara	tʰ
Aymara	tʃʰ
Aymara	kʰ
Aymara	qʰ
Aymara	pʼ
Aymara	tʼ
Aymara	tʃʼ
Aymara	kʼ
Aymara	qʼ
Aymara	p
Aymara	t
Aymara	tʃ
Aymara	k
Aymara	q
Aymara	s
Aymara	x
Aymara	χ
Aymara	m
Aymara	n
Aymara	ɲ
Aymara	j
Aymara	w
Aymara	ɾ
Aymara	l
Aymara	ʎ
Aymara	i
Aymara	iː
Aymara	u
Aymara	uː
Aymara	a
Aymara	aː
AymaraC	pʰ
AymaraC	tʰ
AymaraC	tʃʰ
AymaraC	kʰ
AymaraC	qʰ
AymaraC	pʼ
AymaraC	tʼ
AymaraC	tʃʼ
AymaraC	kʼ
AymaraC	qʼ
AymaraC	p
AymaraC	t
AymaraC	tʃ
AymaraC	k
AymaraC	q
AymaraC	s
AymaraC	ç
AymaraC	χ
AymaraC	m
AymaraC	n
AymaraC	ɲ
AymaraC	j
AymaraC	w
AymaraC	ɾ
AymaraC	l
AymaraC	ʎ
AymaraC	i
AymaraC	u
AymaraC	a
Ayoreo	p
Ayoreo	b
Ayoreo	t
Ayoreo	d
Ayoreo	tʃ
Ayoreo	k
Ayoreo	ɡ
Ayoreo	ʔ
Ayoreo	s
Ayoreo	h
Ayoreo	m̥
Ayoreo	m
Ayoreo	n̥
Ayoreo	n
Ayoreo	ɲ
Ayoreo	ɲ̥
Ayoreo	ŋ
Ayoreo	j
Ayoreo	w
Ayoreo	ɾ
Ayoreo	i
Ayoreo	ĩ
Ayoreo	u
Ayoreo	ũ
Ayoreo	e
Ayoreo	ẽ
Ayoreo	o
Ayoreo	õ
Ayoreo	a
Ayoreo	ã
BakairiE	p
BakairiE	b
BakairiE	t
BakairiE	d
BakairiE	k
BakairiE	ɡ
BakairiE	s
BakairiE	z
BakairiE	ʃ
BakairiE	h
BakairiE	m
BakairiE	n
BakairiE	j
BakairiE	w
BakairiE	ɾ
BakairiE	l
BakairiE	i
BakairiE	ĩ
BakairiE	ɨ
BakairiE	ɨ̃
BakairiE	u
BakairiE	ũ
BakairiE	e
BakairiE	ẽ
BakairiE	ə
BakairiE	ə̃
BakairiE	o
BakairiE	õ
BakairiE	a
BakairiE	ã
BakairiW	p
BakairiW	t
BakairiW	k
BakairiW	ʔ
BakairiW	b
BakairiW	d
BakairiW	ɡ
BakairiW	s
BakairiW	ʃ
BakairiW	h
BakairiW	m
BakairiW	n
BakairiW	j
BakairiW	w
BakairiW	ɾ
BakairiW	l
BakairiW	i
BakairiW	ĩ
BakairiW	u
BakairiW	ũ
BakairiW	e
BakairiW	ẽ
BakairiW	ə
BakairiW	ə̃
BakairiW	o
BakairiW	õ
BakairiW	a
BakairiW	ã
Baniwa	p
Baniwa	t̪
Baniwa	t
Baniwa	ts
Baniwa	tʃ
Baniwa	k
Baniwa	b
Baniwa	d
Baniwa	dz
Baniwa	h
Baniwa	m
Baniwa	n
Baniwa	ɲ
Baniwa	ɻ
Baniwa	w
Baniwa	ɺ
Baniwa	i
Baniwa	iː
Baniwa	u
Baniwa	uː
Baniwa	e
Baniwa	eː
Baniwa	a
Baniwa	aː
Baniva	p
Baniva	b
Baniva	t
Baniva	d
Baniva	k
Baniva	ɡ
Baniva	ts
Baniva	dz
Baniva	ʂ
Baniva	ʐ
Baniva	h
Baniva	m
Baniva	n
Baniva	j
Baniva	w
Baniva	r
Baniva	ɾ
Baniva	ɺ
Baniva	i
Baniva	iː
Baniva	u
Baniva	uː
Baniva	e
Baniva	eː
Baniva	a
Baniva	aː
BarasanaE	p
BarasanaE	t
BarasanaE	c
BarasanaE	k
BarasanaE	b
BarasanaE	d
BarasanaE	ɟ
BarasanaE	ɡ
BarasanaE	h
BarasanaE	w
BarasanaE	ɾ
BarasanaE	i
BarasanaE	ɨ
BarasanaE	u
BarasanaE	e
BarasanaE	o
BarasanaE	a
Bare	pʰ
Bare	tʰ
Bare	kʰ
Bare	p
Bare	b
Bare	t
Bare	d
Bare	tʃ
Bare	k
Bare	s
Bare	h
Bare	ʰm
Bare	m
Bare	ʰn
Bare	n
Bare	ɻ
Bare	j
Bare	ʰw
Bare	w
Bare	i
Bare	u
Bare	e
Bare	a
Bari	t
Bari	k
Bari	b
Bari	d
Bari	s
Bari	h
Bari	m
Bari	n
Bari	ɲ
Bari	r
Bari	i
Bari	ĩ
Bari	ɨ
Bari	ɨ̃
Bari	u
Bari	ũ
Bari	e
Bari	ẽ
Bari	o
Bari	õ
Bari	a
Bari	ã
Baure	p
Baure	t
Baure	tʃ
Baure	k
Baure	ʔ
Baure	v
Baure	s
Baure	ʃ
Baure	h
Baure	m
Baure	n
Baure	j
Baure	w
Baure	ɾ
Baure	i
Baure	e
Baure	o
Baure	a
Besiro	p
Besiro	t
Besiro	tʃ
Besiro	c
Besiro	k
Besiro	ʔ
Besiro	β
Besiro	s
Besiro	ʃ
Besiro	ʂ
Besiro	m
Besiro	n
Besiro	ɲ
Besiro	ɾ
Besiro	i
Besiro	ĩ
Besiro	ɨ
Besiro	ɨ̃
Besiro	u
Besiro	ũ
Besiro	e
Besiro	ẽ
Besiro	o
Besiro	õ
Besiro	a
Besiro	ã
BolivianQ	pʰ
BolivianQ	tʰ
BolivianQ	tʃʰ
BolivianQ	kʰ
BolivianQ	qʰ
BolivianQ	pʼ
BolivianQ	tʼ
BolivianQ	tʃʼ
BolivianQ	kʼ
BolivianQ	qʼ
BolivianQ	p
BolivianQ	t
BolivianQ	tʃ
BolivianQ	k
BolivianQ	q
BolivianQ	s
BolivianQ	h
BolivianQ	m
BolivianQ	n
BolivianQ	ɲ
BolivianQ	j
BolivianQ	w
BolivianQ	ɾ
BolivianQ	l
BolivianQ	ʎ
BolivianQ	i
BolivianQ	u
BolivianQ	a
Bora	pʰ
Bora	pʲʰ
Bora	tʰ
Bora	tʲʰ
Bora	tsʰ
Bora	tʃʰ
Bora	kʰ
Bora	kʲʰ
Bora	p
Bora	pʲ
Bora	t
Bora	tʲ
Bora	ts
Bora	tʃ
Bora	k
Bora	kʲ
Bora	kp
Bora	ʔ
Bora	ʔʲ
Bora	β
Bora	βʲ
Bora	h
Bora	hʲ
Bora	m
Bora	mʲ
Bora	n
Bora	ɲ
Bora	j
Bora	ɾ
Bora	i
Bora	iː
Bora	ɨ
Bora	ɨː
Bora	ɯ
Bora	ɯː
Bora	ɛ
Bora	ɛː
Bora	o
Bora	oː
Bora	a
Bora	aː
Kuna	p
Kuna	pː
Kuna	t
Kuna	tː
Kuna	tʃ
Kuna	k
Kuna	kː
Kuna	kʷ
Kuna	kʷː
Kuna	s
Kuna	m
Kuna	mː
Kuna	n
Kuna	nː
Kuna	j
Kuna	w
Kuna	ɾ
Kuna	l
Kuna	lː
Kuna	i
Kuna	u
Kuna	e
Kuna	o
Kuna	a
Bororo	p
Bororo	t
Bororo	tʃ
Bororo	k
Bororo	kʷ
Bororo	b
Bororo	d
Bororo	dʒ
Bororo	ɡ
Bororo	ɡʷ
Bororo	m
Bororo	n
Bororo	j
Bororo	w
Bororo	ɾ
Bororo	i
Bororo	ɯ
Bororo	u
Bororo	e
Bororo	ɤ
Bororo	o
Bororo	a
Cabiyari	pʰ
Cabiyari	tʰ
Cabiyari	tsʰ
Cabiyari	kʰ
Cabiyari	p
Cabiyari	t
Cabiyari	d
Cabiyari	ts
Cabiyari	dʒ
Cabiyari	k
Cabiyari	ʔ
Cabiyari	ɸ
Cabiyari	β
Cabiyari	s
Cabiyari	ʂ
Cabiyari	h
Cabiyari	ʰm
Cabiyari	m
Cabiyari	ʰn
Cabiyari	n
Cabiyari	ɲ
Cabiyari	ɽʰ
Cabiyari	ɽ
Cabiyari	i
Cabiyari	ĩ
Cabiyari	iː
Cabiyari	u
Cabiyari	ũ
Cabiyari	uː
Cabiyari	e
Cabiyari	eː
Cabiyari	a
Cabiyari	ã
Cabiyari	aː
CajamarcaQ	p
CajamarcaQ	t
CajamarcaQ	tʃ
CajamarcaQ	dʒ
CajamarcaQ	ʈʂ
CajamarcaQ	k
CajamarcaQ	q
CajamarcaQ	s
CajamarcaQ	ʃ
CajamarcaQ	ʂ
CajamarcaQ	ʐ
CajamarcaQ	x
CajamarcaQ	m
CajamarcaQ	n
CajamarcaQ	ɲ
CajamarcaQ	j
CajamarcaQ	w
CajamarcaQ	ɾ
CajamarcaQ	l
CajamarcaQ	i
CajamarcaQ	u
CajamarcaQ	a
Callawalla	pʰ
Callawalla	tʰ
Callawalla	tʃʰ
Callawalla	kʰ
Callawalla	qʰ
Callawalla	pʼ
Callawalla	tʼ
Callawalla	tʃʼ
Callawalla	kʼ
Callawalla	qʼ
Callawalla	p
Callawalla	t
Callawalla	tʃ
Callawalla	k
Callawalla	q
Callawalla	s
Callawalla	ʃ
Callawalla	x
Callawalla	m
Callawalla	n
Callawalla	ɲ
Callawalla	j
Callawalla	w
Callawalla	ɾ
Callawalla	l
Callawalla	ʎ
Callawalla	i
Callawalla	iː
Callawalla	u
Callawalla	uː
Callawalla	a
Callawalla	aː
Camsa	p
Camsa	t
Camsa	k
Camsa	b
Camsa	d
Camsa	ɡ
Camsa	ts
Camsa	tʃ
Camsa	ʈʂ
Camsa	s
Camsa	ʃ
Camsa	ʂ
Camsa	x
Camsa	m
Camsa	n
Camsa	ɲ
Camsa	j
Camsa	w
Camsa	ɾ
Camsa	l
Camsa	ʎ
Camsa	i
Camsa	ɨ
Camsa	u
Camsa	e
Camsa	o
Camsa	a
Candoshi	p
Candoshi	t
Candoshi	ts
Candoshi	tʃ
Candoshi	ʈʂ
Candoshi	k
Candoshi	mp
Candoshi	nt
Candoshi	nts
Candoshi	ntʃ
Candoshi	ɳʈʂ
Candoshi	ŋk
Candoshi	s
Candoshi	ʃ
Candoshi	ʂ
Candoshi	h
Candoshi	m
Candoshi	n
Candoshi	j
Candoshi	w
Candoshi	ɾ
Candoshi	i
Candoshi	iː
Candoshi	o
Candoshi	oː
Candoshi	a
Candoshi	aː
Canela	p
Canela	t
Canela	tʃ
Canela	k
Canela	ʔ
Canela	h
Canela	m
Canela	n
Canela	ɲ
Canela	ŋ
Canela	j
Canela	w
Canela	ɾ
Canela	i
Canela	ĩ
Canela	ɨ
Canela	ɨ̃
Canela	u
Canela	ũ
Canela	e
Canela	o
Canela	ə
Canela	ɛ
Canela	ɛ̃
Canela	ɜ
Canela	ɔ
Canela	ɔ̃
Canela	a
Canela	ã
Capanahua	p
Capanahua	t
Capanahua	k
Capanahua	ʔ
Capanahua	ts
Capanahua	tʃ
Capanahua	β
Capanahua	s
Capanahua	ʃ
Capanahua	ʂ
Capanahua	h
Capanahua	m
Capanahua	n
Capanahua	j
Capanahua	w
Capanahua	ɾ
Capanahua	i
Capanahua	iː
Capanahua	ɨ
Capanahua	ɨː
Capanahua	u
Capanahua	uː
Capanahua	a
Capanahua	aː
Caquinte	p
Caquinte	t
Caquinte	tʲ
Caquinte	k
Caquinte	ɡ
Caquinte	ts
Caquinte	tʃ
Caquinte	β
Caquinte	s
Caquinte	ʃ
Caquinte	h
Caquinte	m
Caquinte	n
Caquinte	ɲ
Caquinte	N
Caquinte	j
Caquinte	ɾ
Caquinte	ɾʲ
Caquinte	i
Caquinte	iː
Caquinte	e
Caquinte	eː
Caquinte	o
Caquinte	oː
Caquinte	a
Caquinte	aː
CaribFrG	p
CaribFrG	t
CaribFrG	k
CaribFrG	ʔ
CaribFrG	s
CaribFrG	h
CaribFrG	m
CaribFrG	n
CaribFrG	j
CaribFrG	w
CaribFrG	ɭ
CaribFrG	i
CaribFrG	ɨ
CaribFrG	u
CaribFrG	e
CaribFrG	o
CaribFrG	a
CaribESu	p
CaribESu	t
CaribESu	k
CaribESu	s
CaribESu	m
CaribESu	n
CaribESu	j
CaribESu	w
CaribESu	ɾ
CaribESu	i
CaribESu	ɨ
CaribESu	u
CaribESu	e
CaribESu	o
CaribESu	a
CaribVen	p
CaribVen	t
CaribVen	k
CaribVen	s
CaribVen	m
CaribVen	n
CaribVen	j
CaribVen	w
CaribVen	ɾ
CaribVen	i
CaribVen	ɨ
CaribVen	u
CaribVen	e
CaribVen	o
CaribVen	a
Carijona	t
Carijona	tʃ
Carijona	k
Carijona	b
Carijona	d
Carijona	dʒ
Carijona	ɡ
Carijona	s
Carijona	h
Carijona	m
Carijona	n
Carijona	ɲ
Carijona	w
Carijona	ɾ
Carijona	i
Carijona	ɨ
Carijona	u
Carijona	e
Carijona	ə
Carijona	o
Carijona	a
Cashibo	p
Cashibo	t
Cashibo	k
Cashibo	kʷ
Cashibo	ʔ
Cashibo	ts
Cashibo	tʃ
Cashibo	s
Cashibo	ʃ
Cashibo	ʂ
Cashibo	m
Cashibo	n
Cashibo	ɲ
Cashibo	β̞
Cashibo	ɾ
Cashibo	i
Cashibo	ɨ
Cashibo	u
Cashibo	e
Cashibo	o
Cashibo	a
Cashinahua	p
Cashinahua	t
Cashinahua	c
Cashinahua	k
Cashinahua	b
Cashinahua	d
Cashinahua	ɟ
Cashinahua	ts
Cashinahua	s
Cashinahua	ʂ
Cashinahua	h
Cashinahua	m
Cashinahua	n
Cashinahua	w
Cashinahua	i
Cashinahua	ɨ
Cashinahua	u
Cashinahua	a
Cavinenya	p
Cavinenya	t
Cavinenya	c
Cavinenya	k
Cavinenya	kʷ
Cavinenya	b
Cavinenya	d
Cavinenya	ɟ
Cavinenya	ts
Cavinenya	tɕ
Cavinenya	s
Cavinenya	ɕ
Cavinenya	h
Cavinenya	m
Cavinenya	n
Cavinenya	ɲ
Cavinenya	j
Cavinenya	w
Cavinenya	ɺ
Cavinenya	ʎ
Cavinenya	i
Cavinenya	ʊ
Cavinenya	e
Cavinenya	a
Cayubaba	p
Cayubaba	b
Cayubaba	t
Cayubaba	d
Cayubaba	c
Cayubaba	ɟ
Cayubaba	k
Cayubaba	β
Cayubaba	s
Cayubaba	ʃ
Cayubaba	ʒ
Cayubaba	x
Cayubaba	m
Cayubaba	n
Cayubaba	ɲ
Cayubaba	w
Cayubaba	ɾ
Cayubaba	i
Cayubaba	ĩ
Cayubaba	ɨ
Cayubaba	ɨ̃
Cayubaba	u
Cayubaba	ũ
Cayubaba	e
Cayubaba	ẽ
Cayubaba	o
Cayubaba	õ
Cayubaba	ɔ
Cayubaba	ɔ̃
Cayubaba	æ
Cayubaba	æ̃
Cayubaba	a
Cayubaba	ã
Chapalaa	p
Chapalaa	t
Chapalaa	tʲ
Chapalaa	k
Chapalaa	ʔ
Chapalaa	b
Chapalaa	d
Chapalaa	dʲ
Chapalaa	ɡ
Chapalaa	ts
Chapalaa	tʃ
Chapalaa	β
Chapalaa	s
Chapalaa	ʃ
Chapalaa	χ
Chapalaa	m
Chapalaa	n
Chapalaa	ɲ
Chapalaa	ŋ
Chapalaa	j
Chapalaa	ɾ
Chapalaa	l
Chapalaa	ʎ
Chapalaa	i
Chapalaa	u
Chapalaa	e
Chapalaa	a
ChachapoyasQ	p
ChachapoyasQ	t
ChachapoyasQ	tʃ
ChachapoyasQ	ʈʂ
ChachapoyasQ	k
ChachapoyasQ	s
ChachapoyasQ	ʃ
ChachapoyasQ	m
ChachapoyasQ	n
ChachapoyasQ	ɲ
ChachapoyasQ	j
ChachapoyasQ	w
ChachapoyasQ	ɾ
ChachapoyasQ	l
ChachapoyasQ	ʎ
ChachapoyasQ	i
ChachapoyasQ	u
ChachapoyasQ	a
Chacobo	p
Chacobo	t
Chacobo	k
Chacobo	ʔ
Chacobo	ts
Chacobo	tʃ
Chacobo	β
Chacobo	s
Chacobo	ʃ
Chacobo	ʂ
Chacobo	ʐ
Chacobo	h
Chacobo	m
Chacobo	n
Chacobo	j
Chacobo	w
Chacobo	i
Chacobo	ɯ
Chacobo	o
Chacobo	a
Chamacoco	p
Chamacoco	b
Chamacoco	t
Chamacoco	d
Chamacoco	tʃ
Chamacoco	dʒ
Chamacoco	k
Chamacoco	ɡ
Chamacoco	ʔ
Chamacoco	s
Chamacoco	z
Chamacoco	ʃ
Chamacoco	ʒ
Chamacoco	ɣ
Chamacoco	h
Chamacoco	m
Chamacoco	n
Chamacoco	ɹ
Chamacoco	w
Chamacoco	r
Chamacoco	l
Chamacoco	i
Chamacoco	ĩ
Chamacoco	ɨ
Chamacoco	ɨ̃
Chamacoco	u
Chamacoco	ũ
Chamacoco	ɪ
Chamacoco	ɪ̃
Chamacoco	e
Chamacoco	ẽ
Chamacoco	ə
Chamacoco	ɔ
Chamacoco	ɔ̃
Chamacoco	a
Chamacoco	ã
Chamacoco	ɑ
Chamicuro	p
Chamicuro	t
Chamicuro	k
Chamicuro	ʔ
Chamicuro	ts
Chamicuro	tʃ
Chamicuro	ʈʂ
Chamicuro	s
Chamicuro	ʃ
Chamicuro	ʂ
Chamicuro	h
Chamicuro	m
Chamicuro	n
Chamicuro	ɲ
Chamicuro	j
Chamicuro	w
Chamicuro	ɾ
Chamicuro	l
Chamicuro	ʎ
Chamicuro	i
Chamicuro	iː
Chamicuro	u
Chamicuro	uː
Chamicuro	e
Chamicuro	eː
Chamicuro	o
Chamicuro	oː
Chamicuro	a
Chamicuro	aː
Chana	p
Chana	b
Chana	t
Chana	d
Chana	tʃ
Chana	k
Chana	ɡ
Chana	ʔ
Chana	s
Chana	ʃ
Chana	ʒ
Chana	h
Chana	m
Chana	n
Chana	ɲ
Chana	j
Chana	w
Chana	r
Chana	ɾ
Chana	l
Chana	i
Chana	u
Chana	e
Chana	o
Chana	a
Chimila	p
Chimila	t
Chimila	k
Chimila	ʔ
Chimila	mb
Chimila	nd
Chimila	ŋɡ
Chimila	s
Chimila	h
Chimila	m
Chimila	n
Chimila	ŋ
Chimila	j
Chimila	w
Chimila	ɾ
Chimila	l
Chimila	i
Chimila	ĩ
Chimila	iː
Chimila	ĩː
Chimila	u
Chimila	ũ
Chimila	uː
Chimila	ũː
Chimila	e
Chimila	ẽ
Chimila	eː
Chimila	ẽː
Chimila	o
Chimila	õ
Chimila	oː
Chimila	õː
Chimila	a
Chimila	ã
Chimila	aː
Chimila	ãː
Chipaya	pʰ
Chipaya	tʰ
Chipaya	tsʰ
Chipaya	tʃʰ
Chipaya	ʈʂʰ
Chipaya	kʰ
Chipaya	qʰ
Chipaya	pʼ
Chipaya	tʼ
Chipaya	tsʼ
Chipaya	tʃʼ
Chipaya	ʈʂʼ
Chipaya	kʼ
Chipaya	qʼ
Chipaya	p
Chipaya	t
Chipaya	ts
Chipaya	tʃ
Chipaya	ʈʂ
Chipaya	k
Chipaya	kʷ
Chipaya	q
Chipaya	qʷ
Chipaya	s̪
Chipaya	s
Chipaya	ʂ
Chipaya	x
Chipaya	xʷ
Chipaya	χ
Chipaya	χʷ
Chipaya	m
Chipaya	n
Chipaya	ɲ
Chipaya	ŋ
Chipaya	j
Chipaya	w
Chipaya	ɾ
Chipaya	ɬ
Chipaya	l
Chipaya	ʎ
Chipaya	i
Chipaya	iː
Chipaya	u
Chipaya	uː
Chipaya	e
Chipaya	eː
Chipaya	o
Chipaya	oː
Chipaya	a
Chipaya	aː
ChiriguanoC	p
ChiriguanoC	t
ChiriguanoC	tʃ
ChiriguanoC	k
ChiriguanoC	kʷ
ChiriguanoC	β
ChiriguanoC	s
ChiriguanoC	ʝ
ChiriguanoC	m
ChiriguanoC	n
ChiriguanoC	ŋ
ChiriguanoC	ɾ
ChiriguanoC	i
ChiriguanoC	ĩ
ChiriguanoC	ɨ
ChiriguanoC	ɨ̃
ChiriguanoC	u
ChiriguanoC	ũ
ChiriguanoC	e
ChiriguanoC	ẽ
ChiriguanoC	o
ChiriguanoC	õ
ChiriguanoC	a
ChiriguanoC	ã
ChiriguanoI	p
ChiriguanoI	t
ChiriguanoI	k
ChiriguanoI	kʷ
ChiriguanoI	ɡʷ
ChiriguanoI	mb
ChiriguanoI	nd
ChiriguanoI	ŋɡ
ChiriguanoI	β
ChiriguanoI	s
ChiriguanoI	ʝ
ChiriguanoI	ɾ
ChiriguanoI	i
ChiriguanoI	ĩ
ChiriguanoI	ɨ
ChiriguanoI	ɨ̃
ChiriguanoI	u
ChiriguanoI	ũ
ChiriguanoI	e
ChiriguanoI	ẽ
ChiriguanoI	o
ChiriguanoI	õ
ChiriguanoI	a
ChiriguanoI	ã
Cholon	p
Cholon	t
Cholon	k
Cholon	ts
Cholon	tʃ
Cholon	s
Cholon	x
Cholon	m
Cholon	n
Cholon	ɲ
Cholon	ŋ
Cholon	j
Cholon	w
Cholon	l
Cholon	ʎ
Cholon	i
Cholon	u
Cholon	ɪ
Cholon	ʊ
Cholon	a
Chorote	tʼ
Chorote	kʼ
Chorote	p
Chorote	t
Chorote	k
Chorote	ʔ
Chorote	ts
Chorote	s
Chorote	x
Chorote	fʷ
Chorote	m
Chorote	n
Chorote	j
Chorote	w
Chorote	ɬ
Chorote	l
Chorote	i
Chorote	u
Chorote	e
Chorote	o
Chorote	a
Chulupi	pʼ
Chulupi	tʼ
Chulupi	tsʼ
Chulupi	tʃʼ
Chulupi	kʼ
Chulupi	p
Chulupi	t
Chulupi	ts
Chulupi	tʃ
Chulupi	k
Chulupi	ʔ
Chulupi	ɸ
Chulupi	s
Chulupi	ʃ
Chulupi	x
Chulupi	m
Chulupi	n
Chulupi	ɲ
Chulupi	j
Chulupi	w
Chulupi	ɬ
Chulupi	kl
Chulupi	i
Chulupi	u
Chulupi	e
Chulupi	o
Chulupi	a
Chulupi	ɑ
Cofan	pʰ
Cofan	tʰ
Cofan	tsʰ
Cofan	tʃʰ
Cofan	kʰ
Cofan	p
Cofan	t
Cofan	ts
Cofan	tʃ
Cofan	k
Cofan	ʔ
Cofan	b
Cofan	d
Cofan	dz
Cofan	dʒ
Cofan	ɡ
Cofan	f
Cofan	s
Cofan	ʃ
Cofan	x
Cofan	m
Cofan	n
Cofan	ɲ
Cofan	ʋ
Cofan	j
Cofan	w
Cofan	ɾ
Cofan	i
Cofan	ĩ
Cofan	ɨ
Cofan	ɨ̃
Cofan	ɛ
Cofan	ɛ̃
Cofan	o
Cofan	õ
Cofan	a
Cofan	ã
Cuiba	pʰ
Cuiba	tʰ
Cuiba	kʰ
Cuiba	p
Cuiba	t
Cuiba	k
Cuiba	b
Cuiba	d
Cuiba	ts
Cuiba	tʃ
Cuiba	s
Cuiba	h
Cuiba	m
Cuiba	n
Cuiba	ɲ
Cuiba	j
Cuiba	w
Cuiba	i
Cuiba	ɨ
Cuiba	u
Cuiba	e
Cuiba	o
Cuiba	ʌ
Cuiba	æ
Cuiba	a
Curripaco	pʰ
Curripaco	tʰ
Curripaco	kʰ
Curripaco	p
Curripaco	b
Curripaco	t
Curripaco	d
Curripaco	k
Curripaco	ʔ
Curripaco	ts
Curripaco	dz
Curripaco	ɸ
Curripaco	β
Curripaco	ʃ
Curripaco	ʂ
Curripaco	h
Curripaco	ʰm
Curripaco	m
Curripaco	ʰn
Curripaco	n
Curripaco	j
Curripaco	w
Curripaco	ʰɾ
Curripaco	ɾ
Curripaco	ɺ
Curripaco	i
Curripaco	u
Curripaco	e
Curripaco	a
CuzcoCollaoQ	pʰ
CuzcoCollaoQ	tʰ
CuzcoCollaoQ	tʃʰ
CuzcoCollaoQ	kʰ
CuzcoCollaoQ	qʰ
CuzcoCollaoQ	pʼ
CuzcoCollaoQ	tʼ
CuzcoCollaoQ	tʃʼ
CuzcoCollaoQ	kʼ
CuzcoCollaoQ	qʼ
CuzcoCollaoQ	p
CuzcoCollaoQ	t
CuzcoCollaoQ	tʃ
CuzcoCollaoQ	k
CuzcoCollaoQ	q
CuzcoCollaoQ	s
CuzcoCollaoQ	ʃ
CuzcoCollaoQ	x
CuzcoCollaoQ	χ
CuzcoCollaoQ	h
CuzcoCollaoQ	m
CuzcoCollaoQ	n
CuzcoCollaoQ	ɲ
CuzcoCollaoQ	j
CuzcoCollaoQ	w
CuzcoCollaoQ	ɾ
CuzcoCollaoQ	l
CuzcoCollaoQ	ʎ
CuzcoCollaoQ	i
CuzcoCollaoQ	u
CuzcoCollaoQ	e
CuzcoCollaoQ	o
CuzcoCollaoQ	a
Damana	p
Damana	b
Damana	t
Damana	d
Damana	tʃ
Damana	dʒ
Damana	k
Damana	ɡ
Damana	s
Damana	z
Damana	ʃ
Damana	ʒ
Damana	h
Damana	m
Damana	n
Damana	j
Damana	w
Damana	r
Damana	ɾ
Damana	l
Damana	i
Damana	ɨ
Damana	u
Damana	ũ
Damana	e
Damana	o
Damana	a
Daw	p
Daw	t
Daw	c
Daw	k
Daw	ʔ
Daw	b
Daw	d
Daw	ɟ
Daw	ɡ
Daw	ʃ
Daw	x
Daw	h
Daw	m
Daw	m̰
Daw	n
Daw	n̰
Daw	ɲ
Daw	ɲ̰
Daw	ŋ
Daw	j
Daw	j̰
Daw	w
Daw	w̰
Daw	l
Daw	i
Daw	ĩ
Daw	ɯ
Daw	ɯ̃
Daw	u
Daw	ũ
Daw	e
Daw	ɤ
Daw	o
Daw	ɛ
Daw	ɛ̃
Daw	ɔ
Daw	ɔ̃
Daw	a
Daw	ã
Deni	pʰ
Deni	tʰ
Deni	kʰ
Deni	p
Deni	t
Deni	ts
Deni	k
Deni	b
Deni	d
Deni	dz
Deni	v
Deni	h
Deni	m
Deni	n
Deni	ɾ
Deni	i
Deni	u
Deni	ɛ
Deni	a
Desano	p
Desano	t
Desano	k
Desano	b
Desano	d
Desano	ɡ
Desano	s
Desano	j
Desano	w
Desano	i
Desano	ɨ
Desano	u
Desano	e
Desano	o
Desano	a
EmberaBaudo	pʰ
EmberaBaudo	tʰ
EmberaBaudo	kʰ
EmberaBaudo	p
EmberaBaudo	t
EmberaBaudo	tʃ
EmberaBaudo	k
EmberaBaudo	b
EmberaBaudo	d
EmberaBaudo	ɓ
EmberaBaudo	ɗ
EmberaBaudo	β
EmberaBaudo	s
EmberaBaudo	h
EmberaBaudo	m
EmberaBaudo	n
EmberaBaudo	j
EmberaBaudo	w
EmberaBaudo	r
EmberaBaudo	ɾ
EmberaBaudo	l
EmberaBaudo	i
EmberaBaudo	ĩ
EmberaBaudo	ɨ
EmberaBaudo	ɨ̃
EmberaBaudo	u
EmberaBaudo	ũ
EmberaBaudo	e
EmberaBaudo	ẽ
EmberaBaudo	o
EmberaBaudo	õ
EmberaBaudo	a
EmberaBaudo	ã
EmberaCatio	pʰ
EmberaCatio	tʰ
EmberaCatio	tʃʰ
EmberaCatio	kʰ
EmberaCatio	pʼ
EmberaCatio	tʼ
EmberaCatio	tʃʼ
EmberaCatio	kʼ
EmberaCatio	b
EmberaCatio	d
EmberaCatio	dʒ
EmberaCatio	sʼ
EmberaCatio	sʰ
EmberaCatio	h
EmberaCatio	m
EmberaCatio	n
EmberaCatio	w
EmberaCatio	r
EmberaCatio	ɾ
EmberaCatio	i
EmberaCatio	ĩ
EmberaCatio	ɯ
EmberaCatio	ɯ̃
EmberaCatio	u
EmberaCatio	ũ
EmberaCatio	e
EmberaCatio	ẽ
EmberaCatio	o
EmberaCatio	õ
EmberaCatio	a
EmberaCatio	ã
EmberaChami	p
EmberaChami	t
EmberaChami	tʃ
EmberaChami	k
EmberaChami	b
EmberaChami	d
EmberaChami	ɓ
EmberaChami	ɗ
EmberaChami	s
EmberaChami	x
EmberaChami	m
EmberaChami	n
EmberaChami	j
EmberaChami	w
EmberaChami	r
EmberaChami	ɾ
EmberaChami	i
EmberaChami	ĩ
EmberaChami	ɯ
EmberaChami	ɯ̃
EmberaChami	u
EmberaChami	ũ
EmberaChami	e
EmberaChami	ẽ
EmberaChami	o
EmberaChami	õ
EmberaChami	a
EmberaChami	ã
Emerillon	p
Emerillon	b
Emerillon	t
Emerillon	d
Emerillon	tʃ
Emerillon	dʒ
Emerillon	k
Emerillon	ɡ
Emerillon	kʷ
Emerillon	ʔ
Emerillon	s
Emerillon	z
Emerillon	h
Emerillon	j
Emerillon	w
Emerillon	ɾ
Emerillon	i
Emerillon	ĩ
Emerillon	ɨ
Emerillon	ɨ̃
Emerillon	u
Emerillon	ũ
Emerillon	e
Emerillon	ẽ
Emerillon	ə
Emerillon	ə̃
Emerillon	o
Emerillon	õ
Emerillon	a
Emerillon	ã
EnaweneNawe	t
EnaweneNawe	k
EnaweneNawe	d
EnaweneNawe	s
EnaweneNawe	ʃ
EnaweneNawe	h
EnaweneNawe	m
EnaweneNawe	n
EnaweneNawe	ɲ
EnaweneNawe	j
EnaweneNawe	w
EnaweneNawe	ɾ
EnaweneNawe	l
EnaweneNawe	i
EnaweneNawe	ĩ
EnaweneNawe	iː
EnaweneNawe	e
EnaweneNawe	ẽ
EnaweneNawe	eː
EnaweneNawe	o
EnaweneNawe	õ
EnaweneNawe	oː
EnaweneNawe	a
EnaweneNawe	ã
EnaweneNawe	aː
Epena	pʰ
Epena	tʰ
Epena	kʰ
Epena	p
Epena	t
Epena	tʃ
Epena	k
Epena	ʔ
Epena	b
Epena	d
Epena	ɡ
Epena	s
Epena	h
Epena	j
Epena	w
Epena	r
Epena	ɾ
Epena	i
Epena	ĩ
Epena	iː
Epena	ɨ
Epena	ɨ̃
Epena	ɨː
Epena	u
Epena	ũ
Epena	uː
Epena	e
Epena	ẽ
Epena	eː
Epena	ə
Epena	ə̃
Epena	əː
Epena	o
Epena	õ
Epena	oː
Epena	a
Epena	ã
Epena	aː
EseEja	p
EseEja	t
EseEja	k
EseEja	kʷ
EseEja	ʔ
EseEja	ɓ
EseEja	ɗ
EseEja	ts
EseEja	tʃ
EseEja	s
EseEja	ʃ
EseEja	x
EseEja	h
EseEja	m
EseEja	n
EseEja	ɲ
EseEja	j
EseEja	w
EseEja	i
EseEja	e
EseEja	o
EseEja	a
EseEjja	p
EseEjja	t
EseEjja	tʃ
EseEjja	k
EseEjja	kʷ
EseEjja	ʔ
EseEjja	ɓ̥
EseEjja	ɗ̥
EseEjja	s
EseEjja	ʃ
EseEjja	x
EseEjja	h
EseEjja	m
EseEjja	n
EseEjja	ɲ
EseEjja	j
EseEjja	w
EseEjja	i
EseEjja	e
EseEjja	o
EseEjja	a
FerrenafeQ	p
FerrenafeQ	t
FerrenafeQ	tʃ
FerrenafeQ	ʈʂ
FerrenafeQ	k
FerrenafeQ	q
FerrenafeQ	s
FerrenafeQ	ʃ
FerrenafeQ	ʒ
FerrenafeQ	m
FerrenafeQ	n
FerrenafeQ	ɲ
FerrenafeQ	j
FerrenafeQ	w
FerrenafeQ	ɾ
FerrenafeQ	l
FerrenafeQ	i
FerrenafeQ	u
FerrenafeQ	a
GaviaoJ	p
GaviaoJ	t
GaviaoJ	ts
GaviaoJ	cç
GaviaoJ	k
GaviaoJ	ʔ
GaviaoJ	b
GaviaoJ	d
GaviaoJ	dz
GaviaoJ	ɟʝ
GaviaoJ	ɡ
GaviaoJ	β
GaviaoJ	m
GaviaoJ	n
GaviaoJ	ɲ
GaviaoJ	ŋ
GaviaoJ	j
GaviaoJ	ɾ
GaviaoJ	l
GaviaoJ	i
GaviaoJ	ĩ
GaviaoJ	ɨ
GaviaoJ	ɨ̃
GaviaoJ	e
GaviaoJ	ẽ
GaviaoJ	o
GaviaoJ	õ
GaviaoJ	a
GaviaoJ	ã
GaviaoP	kʰ
GaviaoP	p
GaviaoP	t
GaviaoP	tʃ
GaviaoP	k
GaviaoP	h
GaviaoP	m
GaviaoP	n
GaviaoP	j
GaviaoP	w
GaviaoP	ɾ
GaviaoP	i
GaviaoP	ɨ
GaviaoP	u
GaviaoP	e
GaviaoP	ẽ
GaviaoP	ə
GaviaoP	ə̃
GaviaoP	o
GaviaoP	õ
GaviaoP	a
Guahibo	tʰ
Guahibo	p
Guahibo	t
Guahibo	k
Guahibo	b
Guahibo	d
Guahibo	ts
Guahibo	ɸ
Guahibo	s
Guahibo	x
Guahibo	h
Guahibo	m
Guahibo	n
Guahibo	j
Guahibo	w
Guahibo	ɾ
Guahibo	l
Guahibo	i
Guahibo	ĩ
Guahibo	iː
Guahibo	ɨ
Guahibo	ɨ̃
Guahibo	ɨː
Guahibo	u
Guahibo	ũ
Guahibo	uː
Guahibo	e
Guahibo	ẽ
Guahibo	eː
Guahibo	o
Guahibo	õ
Guahibo	oː
Guahibo	a
Guahibo	ã
Guahibo	aː
Guaja	p
Guaja	t
Guaja	tʃ
Guaja	k
Guaja	kʷ
Guaja	ʔ
Guaja	h
Guaja	m
Guaja	n
Guaja	j
Guaja	w
Guaja	ɾ
Guaja	i
Guaja	ĩ
Guaja	ɨ
Guaja	ɨ̃
Guaja	u
Guaja	ũ
Guaja	e
Guaja	ẽ
Guaja	o
Guaja	õ
Guaja	a
Guaja	ã
Guajajara	p
Guajajara	t
Guajajara	k
Guajajara	kʷ
Guajajara	ʔ
Guajajara	ts
Guajajara	z
Guajajara	h
Guajajara	m
Guajajara	n
Guajajara	ŋ
Guajajara	ŋʷ
Guajajara	j
Guajajara	w
Guajajara	ɾ
Guajajara	i
Guajajara	ɨ
Guajajara	u
Guajajara	ɛ
Guajajara	ə
Guajajara	ɔ
Guajajara	a
Guambiano	p
Guambiano	t
Guambiano	k
Guambiano	kʷ
Guambiano	ʔ
Guambiano	ts
Guambiano	tʃ
Guambiano	ʈʂ
Guambiano	s
Guambiano	ʃ
Guambiano	ʒ
Guambiano	ʂ
Guambiano	m
Guambiano	n
Guambiano	ɲ
Guambiano	j
Guambiano	w
Guambiano	ɾ
Guambiano	l
Guambiano	ʎ
Guambiano	i
Guambiano	ɨ
Guambiano	e
Guambiano	o
Guambiano	a
Guarayu	p
Guarayu	t
Guarayu	k
Guarayu	kʷ
Guarayu	ʔ
Guarayu	ɡʷ
Guarayu	mb
Guarayu	nd
Guarayu	ŋɡ
Guarayu	ts
Guarayu	tʃ
Guarayu	β
Guarayu	m
Guarayu	n
Guarayu	ɲ
Guarayu	j
Guarayu	ɾ
Guarayu	i
Guarayu	ĩ
Guarayu	ɨ
Guarayu	ɨ̃
Guarayu	u
Guarayu	ũ
Guarayu	e
Guarayu	ẽ
Guarayu	o
Guarayu	õ
Guarayu	a
Guarayu	ã
Guato	p
Guato	b
Guato	t
Guato	d
Guato	tʃ
Guato	dʒ
Guato	k
Guato	ɡ
Guato	kʷ
Guato	ɡʷ
Guato	f
Guato	v
Guato	h
Guato	m
Guato	n
Guato	j
Guato	ɾ
Guato	i
Guato	ɨ
Guato	u
Guato	e
Guato	o
Guato	ɛ
Guato	ɔ
Guato	a
Guayabero	p
Guayabero	t
Guayabero	tʃ
Guayabero	k
Guayabero	b
Guayabero	d
Guayabero	ɸ
Guayabero	s
Guayabero	x
Guayabero	h
Guayabero	m
Guayabero	n
Guayabero	j
Guayabero	w
Guayabero	ɾ
Guayabero	l
Guayabero	i
Guayabero	ɨ
Guayabero	u
Guayabero	e
Guayabero	o
Guayabero	a
GununYajich	pʼ
GununYajich	tʼ
GununYajich	tsʼ
GununYajich	ʈʂʼ
GununYajich	kʼ
GununYajich	p
GununYajich	b
GununYajich	t
GununYajich	d
GununYajich	ts
GununYajich	ʈʂ
GununYajich	k
GununYajich	ɡ
GununYajich	q
GununYajich	ʔ
GununYajich	s
GununYajich	ʂ
GununYajich	x
GununYajich	m
GununYajich	n
GununYajich	j
GununYajich	w
GununYajich	ɾ
GununYajich	ɬ
GununYajich	l
GununYajich	ʎ
GununYajich	i
GununYajich	ɨ
GununYajich	u
GununYajich	e
GununYajich	o
GununYajich	a
Hixkaryana	p
Hixkaryana	t
Hixkaryana	tʃ
Hixkaryana	k
Hixkaryana	b
Hixkaryana	d
Hixkaryana	dʲ
Hixkaryana	ɸ
Hixkaryana	s
Hixkaryana	ʃ
Hixkaryana	h
Hixkaryana	m
Hixkaryana	n
Hixkaryana	ɲ
Hixkaryana	j
Hixkaryana	w
Hixkaryana	ɾ
Hixkaryana	ɺ
Hixkaryana	ɨ
Hixkaryana	u
Hixkaryana	e
Hixkaryana	o
Hixkaryana	a
Hoti	ʰb
Hoti	b
Hoti	t
Hoti	ʰt
Hoti	ʰd
Hoti	d
Hoti	c
Hoti	ʰc
Hoti	ʰɟ
Hoti	ɟ
Hoti	k
Hoti	ʰk
Hoti	ʰkʷ
Hoti	kʷ
Hoti	h
Hoti	ʰj
Hoti	j
Hoti	ʰw
Hoti	w
Hoti	ʰɾ
Hoti	ɾ
Hoti	i
Hoti	ĩ
Hoti	ɨ
Hoti	ɨ̃
Hoti	u
Hoti	ũ
Hoti	e
Hoti	ẽ
Hoti	ɘ
Hoti	o
Hoti	õ
Hoti	ə̃ː
Hoti	a
Hoti	ã
HuallagaHQ	p
HuallagaHQ	t
HuallagaHQ	tʃ
HuallagaHQ	k
HuallagaHQ	q
HuallagaHQ	s
HuallagaHQ	ʃ
HuallagaHQ	h
HuallagaHQ	m
HuallagaHQ	n
HuallagaHQ	ɲ
HuallagaHQ	j
HuallagaHQ	w
HuallagaHQ	ɾ
HuallagaHQ	l
HuallagaHQ	ʎ
HuallagaHQ	i
HuallagaHQ	iː
HuallagaHQ	u
HuallagaHQ	uː
HuallagaHQ	a
HuallagaHQ	aː
Huambisa	p
Huambisa	t
Huambisa	k
Huambisa	ʔ
Huambisa	ts
Huambisa	tʃ
Huambisa	s
Huambisa	ʃ
Huambisa	h
Huambisa	m
Huambisa	n
Huambisa	ŋ
Huambisa	j
Huambisa	w
Huambisa	ɾ
Huambisa	i
Huambisa	ĩ
Huambisa	ɯ
Huambisa	ɯ̃
Huambisa	u
Huambisa	ũ
Huambisa	a
Huambisa	ã
HuaylasCQ	p
HuaylasCQ	t
HuaylasCQ	k
HuaylasCQ	q
HuaylasCQ	ts
HuaylasCQ	tʃ
HuaylasCQ	s
HuaylasCQ	ʃ
HuaylasCQ	h
HuaylasCQ	m
HuaylasCQ	n
HuaylasCQ	ɲ
HuaylasCQ	j
HuaylasCQ	w
HuaylasCQ	ɾ
HuaylasCQ	l
HuaylasCQ	ʎ
HuaylasCQ	i
HuaylasCQ	iː
HuaylasCQ	u
HuaylasCQ	uː
HuaylasCQ	a
HuaylasCQ	aː
HuitotoMinica	p
HuitotoMinica	b
HuitotoMinica	t
HuitotoMinica	d
HuitotoMinica	tʃ
HuitotoMinica	dʒ
HuitotoMinica	k
HuitotoMinica	ɡ
HuitotoMinica	ʔ
HuitotoMinica	ɸ
HuitotoMinica	β
HuitotoMinica	s
HuitotoMinica	x
HuitotoMinica	m
HuitotoMinica	n
HuitotoMinica	ɲ
HuitotoMinica	ŋ
HuitotoMinica	ɾ
HuitotoMinica	i
HuitotoMinica	ɨ
HuitotoMinica	u
HuitotoMinica	e
HuitotoMinica	o
HuitotoMinica	a
HuitotoMurui	b
HuitotoMurui	t
HuitotoMurui	d
HuitotoMurui	c
HuitotoMurui	ɟ
HuitotoMurui	k
HuitotoMurui	ɡ
HuitotoMurui	ɸ
HuitotoMurui	β
HuitotoMurui	θ
HuitotoMurui	m
HuitotoMurui	n
HuitotoMurui	ɲ
HuitotoMurui	ɾ
HuitotoMurui	i
HuitotoMurui	ɨ
HuitotoMurui	u
HuitotoMurui	e
HuitotoMurui	o
HuitotoMurui	a
Hupde	pʼ
Hupde	b̰
Hupde	d̰
Hupde	ɟ̰
Hupde	ɡ̰
Hupde	p
Hupde	b
Hupde	t
Hupde	d
Hupde	c
Hupde	k
Hupde	ɡ
Hupde	ʔ
Hupde	ç
Hupde	h
Hupde	j
Hupde	j̰
Hupde	w
Hupde	w̰
Hupde	i
Hupde	ĩ
Hupde	ɨ
Hupde	ɨ̃
Hupde	u
Hupde	ũ
Hupde	e
Hupde	o
Hupde	ə
Hupde	ɔ
Hupde	ɔ̃
Hupde	æ
Hupde	æ̃
Hupde	a
Hupde	ã
Ignaciano	p
Ignaciano	t
Ignaciano	k
Ignaciano	ʔ
Ignaciano	ts
Ignaciano	tʃ
Ignaciano	v
Ignaciano	s
Ignaciano	ʃ
Ignaciano	h
Ignaciano	m
Ignaciano	n
Ignaciano	ɲ
Ignaciano	j
Ignaciano	ɾ
Ignaciano	i
Ignaciano	u
Ignaciano	e
Ignaciano	a
Ika	p
Ika	b
Ika	t
Ika	d
Ika	tʃ
Ika	dʒ
Ika	k
Ika	ɡ
Ika	ʔ
Ika	s
Ika	z
Ika	m
Ika	n
Ika	N
Ika	ɾ
Ika	i
Ika	u
Ika	e
Ika	ə
Ika	o
Ika	a
Ikpeng	p
Ikpeng	t
Ikpeng	tʃ
Ikpeng	k
Ikpeng	ɡ
Ikpeng	m
Ikpeng	n
Ikpeng	ŋ
Ikpeng	j
Ikpeng	w
Ikpeng	ɾ
Ikpeng	l
Ikpeng	i
Ikpeng	ɨ
Ikpeng	u
Ikpeng	e
Ikpeng	o
Ikpeng	a
ImbaburaQ	p
ImbaburaQ	t
ImbaburaQ	k
ImbaburaQ	ts
ImbaburaQ	tʃ
ImbaburaQ	ɸ
ImbaburaQ	s
ImbaburaQ	ʃ
ImbaburaQ	ʒ
ImbaburaQ	x
ImbaburaQ	m
ImbaburaQ	n
ImbaburaQ	ɲ
ImbaburaQ	j
ImbaburaQ	w
ImbaburaQ	ɾ
ImbaburaQ	l
ImbaburaQ	i
ImbaburaQ	u
ImbaburaQ	a
Inyapari	p
Inyapari	t
Inyapari	tʃ
Inyapari	ʔ
Inyapari	s
Inyapari	h
Inyapari	m
Inyapari	n
Inyapari	ɲ
Inyapari	j
Inyapari	w
Inyapari	ɾ
Inyapari	l
Inyapari	i
Inyapari	ĩ
Inyapari	iː
Inyapari	ɯ
Inyapari	ɯ̃
Inyapari	ɯː
Inyapari	u
Inyapari	ũ
Inyapari	uː
Inyapari	e
Inyapari	ẽ
Inyapari	eː
Inyapari	o
Inyapari	õ
Inyapari	oː
Inyapari	a
Inyapari	ã
Inyapari	aː
IngaHQ	p
IngaHQ	t
IngaHQ	k
IngaHQ	b
IngaHQ	d
IngaHQ	ɡ
IngaHQ	ts
IngaHQ	tʃ
IngaHQ	s
IngaHQ	ʃ
IngaHQ	x
IngaHQ	m
IngaHQ	n
IngaHQ	ɲ
IngaHQ	j
IngaHQ	w
IngaHQ	ɾ
IngaHQ	l
IngaHQ	ʎ
IngaHQ	i
IngaHQ	u
IngaHQ	a
IngaJQ	p
IngaJQ	t
IngaJQ	tʃ
IngaJQ	k
IngaJQ	s
IngaJQ	ʃ
IngaJQ	x
IngaJQ	m
IngaJQ	n
IngaJQ	ɲ
IngaJQ	ɾ
IngaJQ	l
IngaJQ	ʎ
IngaJQ	i
IngaJQ	u
IngaJQ	a
Ingariko	p
Ingariko	t
Ingariko	k
Ingariko	ʔ
Ingariko	s
Ingariko	m
Ingariko	n
Ingariko	j
Ingariko	w
Ingariko	ɾ
Ingariko	i
Ingariko	iː
Ingariko	ɯ
Ingariko	u
Ingariko	e
Ingariko	eː
Ingariko	ɤ
Ingariko	o
Ingariko	oː
Ingariko	a
Ingariko	aː
Iquito	p
Iquito	t
Iquito	k
Iquito	kʷ
Iquito	s
Iquito	h
Iquito	m
Iquito	n
Iquito	j
Iquito	w
Iquito	ɾ
Iquito	i
Iquito	iː
Iquito	ɨ
Iquito	ɨː
Iquito	u
Iquito	uː
Iquito	a
Iquito	aː
Itonama	tʼ
Itonama	tʃʼ
Itonama	kʼ
Itonama	p
Itonama	t
Itonama	tʃ
Itonama	tʲ
Itonama	k
Itonama	ʔ
Itonama	b
Itonama	d
Itonama	s
Itonama	h
Itonama	m
Itonama	n
Itonama	j
Itonama	w
Itonama	ɾ
Itonama	l
Itonama	i
Itonama	ɨ
Itonama	u
Itonama	e
Itonama	o
Itonama	a
Jabuti	p
Jabuti	ps
Jabuti	t
Jabuti	tʃ
Jabuti	k
Jabuti	bz
Jabuti	dʒ
Jabuti	β
Jabuti	h
Jabuti	m
Jabuti	n
Jabuti	j
Jabuti	w
Jabuti	ɾ
Jabuti	i
Jabuti	ĩ
Jabuti	u
Jabuti	ɛ
Jabuti	ɛ̃
Jabuti	ə
Jabuti	o
Jabuti	õ
Jabuti	a
Jabuti	ã
Jamamadi	t
Jamamadi	k
Jamamadi	b
Jamamadi	d
Jamamadi	ɟ
Jamamadi	ɸ
Jamamadi	s
Jamamadi	h
Jamamadi	m
Jamamadi	n
Jamamadi	w
Jamamadi	ɾ
Jamamadi	i
Jamamadi	e
Jamamadi	o
Jamamadi	a
Japreria	p
Japreria	t
Japreria	tʃ
Japreria	k
Japreria	ʔ
Japreria	s
Japreria	ʃ
Japreria	h
Japreria	m
Japreria	n
Japreria	ʋ
Japreria	j
Japreria	ʀ
Japreria	ɾ
Japreria	i
Japreria	ɨ
Japreria	u
Japreria	e
Japreria	o
Japreria	a
Jaqaru	pʰ
Jaqaru	tʰ
Jaqaru	tʲʰ
Jaqaru	tsʰ
Jaqaru	ʈʰ
Jaqaru	cʰ
Jaqaru	kʰ
Jaqaru	qʰ
Jaqaru	pʼ
Jaqaru	tʼ
Jaqaru	tʲʼ
Jaqaru	tsʼ
Jaqaru	ʈʼ
Jaqaru	cʼ
Jaqaru	kʼ
Jaqaru	qʼ
Jaqaru	p
Jaqaru	t
Jaqaru	tʲ
Jaqaru	ts
Jaqaru	ʈ
Jaqaru	c
Jaqaru	k
Jaqaru	q
Jaqaru	s
Jaqaru	ç
Jaqaru	x
Jaqaru	m
Jaqaru	n
Jaqaru	ɲ
Jaqaru	ŋ
Jaqaru	j
Jaqaru	w
Jaqaru	ɾ
Jaqaru	l
Jaqaru	ʎ
Jaqaru	i
Jaqaru	iː
Jaqaru	u
Jaqaru	uː
Jaqaru	a
Jaqaru	aː
Jarawara	b
Jarawara	t
Jarawara	ɟ
Jarawara	k
Jarawara	ɸ
Jarawara	s
Jarawara	h
Jarawara	m
Jarawara	n
Jarawara	w
Jarawara	ɾ
Jarawara	i
Jarawara	iː
Jarawara	ɯ
Jarawara	ɯː
Jarawara	e
Jarawara	eː
Jarawara	a
Jarawara	aː
JaujaHuancaQ	p
JaujaHuancaQ	t
JaujaHuancaQ	tʃ
JaujaHuancaQ	ʈʂ
JaujaHuancaQ	k
JaujaHuancaQ	s
JaujaHuancaQ	ʃ
JaujaHuancaQ	h
JaujaHuancaQ	m
JaujaHuancaQ	n
JaujaHuancaQ	ɲ
JaujaHuancaQ	j
JaujaHuancaQ	w
JaujaHuancaQ	ɾ
JaujaHuancaQ	l
JaujaHuancaQ	ʎ
JaujaHuancaQ	i
JaujaHuancaQ	iː
JaujaHuancaQ	u
JaujaHuancaQ	uː
JaujaHuancaQ	a
JaujaHuancaQ	aː
Juma	p
Juma	t
Juma	k
Juma	ʔ
Juma	ɡ
Juma	h
Juma	m
Juma	n
Juma	ŋ
Juma	j
Juma	w
Juma	ɾ
Juma	i
Juma	ĩ
Juma	ɨ
Juma	ɨ̃
Juma	u
Juma	ũ
Juma	e
Juma	ẽ
Juma	o
Juma	õ
Juma	a
Juma	ã
Juruna	p
Juruna	b
Juruna	t
Juruna	d
Juruna	tʃ
Juruna	dʒ
Juruna	k
Juruna	ʔ
Juruna	s
Juruna	z
Juruna	ʃ
Juruna	h
Juruna	m
Juruna	n
Juruna	j
Juruna	w
Juruna	ɾ
Juruna	ɮ
Juruna	i
Juruna	ĩ
Juruna	iː
Juruna	ɨ
Juruna	ɨ̃
Juruna	ɨː
Juruna	u
Juruna	ũ
Juruna	uː
Juruna	e
Juruna	ẽ
Juruna	eː
Juruna	a
Juruna	ã
Juruna	aː
Kaapor	p
Kaapor	t
Kaapor	k
Kaapor	kʷ
Kaapor	ʔ
Kaapor	s
Kaapor	ʃ
Kaapor	h
Kaapor	m
Kaapor	n
Kaapor	ŋ
Kaapor	ŋʷ
Kaapor	j
Kaapor	w
Kaapor	ɾ
Kaapor	i
Kaapor	ĩ
Kaapor	ɨ
Kaapor	u
Kaapor	ũ
Kaapor	e
Kaapor	ẽ
Kaapor	o
Kaapor	õ
Kaapor	a
Kaapor	ã
Kadiweu	p
Kadiweu	t
Kadiweu	tʃ
Kadiweu	k
Kadiweu	q
Kadiweu	b
Kadiweu	bː
Kadiweu	d
Kadiweu	dː
Kadiweu	dʒ
Kadiweu	ɡ
Kadiweu	ɡː
Kadiweu	ɢ
Kadiweu	m
Kadiweu	mː
Kadiweu	n
Kadiweu	nː
Kadiweu	j
Kadiweu	jː
Kadiweu	w
Kadiweu	wː
Kadiweu	l
Kadiweu	lː
Kadiweu	i
Kadiweu	iː
Kadiweu	e
Kadiweu	eː
Kadiweu	o
Kadiweu	oː
Kadiweu	a
Kadiweu	aː
Kaingang	p
Kaingang	t
Kaingang	k
Kaingang	ʔ
Kaingang	ɸ
Kaingang	ʃ
Kaingang	h
Kaingang	m
Kaingang	n
Kaingang	ɲ
Kaingang	ŋ
Kaingang	ɾ
Kaingang	i
Kaingang	ĩ
Kaingang	ɨ
Kaingang	u
Kaingang	e
Kaingang	o
Kaingang	õ
Kaingang	ə
Kaingang	ə̃
Kaingang	ɛ
Kaingang	ɔ
Kaingang	æ̃
Kaingang	a
Kaingang	ã
KaingangSP	p
KaingangSP	t
KaingangSP	tʃ
KaingangSP	k
KaingangSP	ɸ
KaingangSP	h
KaingangSP	m
KaingangSP	n
KaingangSP	ɲ
KaingangSP	ŋ
KaingangSP	j
KaingangSP	w
KaingangSP	ɾ
KaingangSP	i
KaingangSP	ĩ
KaingangSP	ɨ
KaingangSP	ɨ̃
KaingangSP	u
KaingangSP	e
KaingangSP	o
KaingangSP	õ
KaingangSP	ə
KaingangSP	ə̃
KaingangSP	ɛ
KaingangSP	ɛ̃
KaingangSP	ɔ
KaingangSP	a
Kaiwa	p
Kaiwa	t
Kaiwa	dʒ
Kaiwa	k
Kaiwa	ʔ
Kaiwa	s
Kaiwa	ʃ
Kaiwa	h
Kaiwa	m
Kaiwa	ŋ
Kaiwa	ŋʷ
Kaiwa	j
Kaiwa	w
Kaiwa	ɾ
Kaiwa	i
Kaiwa	ĩ
Kaiwa	ɨ
Kaiwa	ɨ̃
Kaiwa	u
Kaiwa	ũ
Kaiwa	e
Kaiwa	ẽ
Kaiwa	o
Kaiwa	õ
Kaiwa	a
Kaiwa	ã
Cacua	b̰
Cacua	d̰
Cacua	ɡ̰
Cacua	p
Cacua	t
Cacua	tʃ
Cacua	k
Cacua	ʔ
Cacua	b
Cacua	d
Cacua	ɡ
Cacua	f
Cacua	h
Cacua	m
Cacua	n
Cacua	ɲ
Cacua	j
Cacua	j̰
Cacua	w
Cacua	w̰
Cacua	l
Cacua	i
Cacua	ɨ
Cacua	u
Cacua	e
Cacua	a
Kamayura	p
Kamayura	t
Kamayura	k
Kamayura	kʷ
Kamayura	ʔ
Kamayura	ts
Kamayura	hʷ
Kamayura	h
Kamayura	m
Kamayura	n
Kamayura	ŋ
Kamayura	j
Kamayura	w
Kamayura	ɾ
Kamayura	i
Kamayura	ĩ
Kamayura	ɨ
Kamayura	ɨ̃
Kamayura	u
Kamayura	ũ
Kamayura	e
Kamayura	ẽ
Kamayura	o
Kamayura	õ
Kamayura	a
Kamayura	ã
Kanoe	p
Kanoe	t
Kanoe	k
Kanoe	ts
Kanoe	β
Kanoe	x
Kanoe	m
Kanoe	n
Kanoe	ɲ
Kanoe	j
Kanoe	w
Kanoe	ɾ
Kanoe	i
Kanoe	ĩ
Kanoe	ɨ
Kanoe	ɨ̃
Kanoe	u
Kanoe	ũ
Kanoe	e
Kanoe	ẽ
Kanoe	o
Kanoe	õ
Kanoe	æ
Kanoe	æ̃
Kanoe	a
Kanoe	ã
Karaja	b
Karaja	d
Karaja	k
Karaja	ɗ
Karaja	θ
Karaja	h
Karaja	w
Karaja	ɾ
Karaja	l
Karaja	i
Karaja	ĩ
Karaja	ɨ
Karaja	ɨ̘
Karaja	u
Karaja	ɪ
Karaja	ʊ
Karaja	e
Karaja	ɘ
Karaja	o
Karaja	õ
Karaja	ə
Karaja	ə̃
Karaja	ɛ
Karaja	ɔ
Karaja	a
Karaja	ã
Karapana	p
Karapana	t
Karapana	k
Karapana	b
Karapana	d
Karapana	ɡ
Karapana	s
Karapana	h
Karapana	j
Karapana	w
Karapana	ɾ
Karapana	i
Karapana	ĩ
Karapana	ɨ
Karapana	ɨ̃
Karapana	u
Karapana	ũ
Karapana	e
Karapana	ẽ
Karapana	o
Karapana	õ
Karapana	a
Karapana	ã
KaririXocoDz	p
KaririXocoDz	t
KaririXocoDz	ts
KaririXocoDz	k
KaririXocoDz	b
KaririXocoDz	d
KaririXocoDz	dz
KaririXocoDz	ɡ
KaririXocoDz	h
KaririXocoDz	m
KaririXocoDz	n
KaririXocoDz	ɲ
KaririXocoDz	ɾ
KaririXocoDz	l
KaririXocoDz	i
KaririXocoDz	ɨ
KaririXocoDz	u
KaririXocoDz	e
KaririXocoDz	o
KaririXocoDz	œ
KaririXocoDz	a
Karitiana	p
Karitiana	t
Karitiana	k
Karitiana	s
Karitiana	h
Karitiana	m
Karitiana	n
Karitiana	ɲ
Karitiana	ŋ
Karitiana	w
Karitiana	ɾ
Karitiana	i
Karitiana	ĩ
Karitiana	iː
Karitiana	ĩː
Karitiana	ɨ
Karitiana	ɨ̃
Karitiana	ɨː
Karitiana	ɨ̃ː
Karitiana	e
Karitiana	ẽ
Karitiana	eː
Karitiana	ẽː
Karitiana	o
Karitiana	õ
Karitiana	oː
Karitiana	õː
Karitiana	a
Karitiana	ã
Karitiana	aː
Karitiana	ãː
Karo	p
Karo	t
Karo	c
Karo	k
Karo	ʔ
Karo	b
Karo	ɡ
Karo	h
Karo	m
Karo	n
Karo	ŋ
Karo	j
Karo	w
Karo	ɾ
Karo	i
Karo	ĩ
Karo	ɨ
Karo	u
Karo	e
Karo	ẽ
Karo	ə
Karo	o
Karo	õ
Karo	a
Karo	ã
Katukina	p
Katukina	t
Katukina	tʃ
Katukina	k
Katukina	b
Katukina	d
Katukina	dʒ
Katukina	h
Katukina	m
Katukina	n
Katukina	ɲ
Katukina	l
Katukina	i
Katukina	iː
Katukina	ɯ
Katukina	ɯː
Katukina	u
Katukina	uː
Katukina	a
Katukina	aː
KatukinaPan	p
KatukinaPan	t
KatukinaPan	k
KatukinaPan	ts
KatukinaPan	tʃ
KatukinaPan	β
KatukinaPan	s
KatukinaPan	ʃ
KatukinaPan	ʂ
KatukinaPan	h
KatukinaPan	m
KatukinaPan	n
KatukinaPan	j
KatukinaPan	w
KatukinaPan	ɾ
KatukinaPan	i
KatukinaPan	ɨ
KatukinaPan	u
KatukinaPan	a
Kawesqar	pʼ
Kawesqar	tʼ
Kawesqar	tʃʼ
Kawesqar	kʼ
Kawesqar	p
Kawesqar	t
Kawesqar	tʃ
Kawesqar	k
Kawesqar	q
Kawesqar	f
Kawesqar	s
Kawesqar	h
Kawesqar	m
Kawesqar	n
Kawesqar	j
Kawesqar	w
Kawesqar	r
Kawesqar	ɾ
Kawesqar	l
Kawesqar	i
Kawesqar	u
Kawesqar	e
Kawesqar	o
Kawesqar	æ
Kawesqar	a
Kaxarari	p
Kaxarari	t
Kaxarari	k
Kaxarari	ts
Kaxarari	tʃ
Kaxarari	β
Kaxarari	s
Kaxarari	ʃ
Kaxarari	ʂ
Kaxarari	h
Kaxarari	m
Kaxarari	n
Kaxarari	w
Kaxarari	ɾ
Kaxarari	l
Kaxarari	i
Kaxarari	ɨ
Kaxarari	u
Kaxarari	o
Kaxarari	a
Kaxuiana	p
Kaxuiana	t
Kaxuiana	tʃ
Kaxuiana	k
Kaxuiana	ʔ
Kaxuiana	s
Kaxuiana	h
Kaxuiana	m
Kaxuiana	n
Kaxuiana	j
Kaxuiana	w
Kaxuiana	ɾ
Kaxuiana	i
Kaxuiana	ɨ
Kaxuiana	u
Kaxuiana	e
Kaxuiana	o
Kaxuiana	a
Kayabi	p
Kayabi	t
Kayabi	k
Kayabi	kʷ
Kayabi	ʔ
Kayabi	ɡ
Kayabi	ɸ
Kayabi	s
Kayabi	m
Kayabi	n
Kayabi	ŋ
Kayabi	j
Kayabi	w
Kayabi	ɾ
Kayabi	i
Kayabi	ĩ
Kayabi	ɨ
Kayabi	ɨ̃
Kayabi	u
Kayabi	ũ
Kayabi	e
Kayabi	ẽ
Kayabi	o
Kayabi	õ
Kayabi	a
Kayabi	ã
Kinikinao	p
Kinikinao	t
Kinikinao	k
Kinikinao	ʔ
Kinikinao	s
Kinikinao	ʃ
Kinikinao	h
Kinikinao	m
Kinikinao	n
Kinikinao	j
Kinikinao	w
Kinikinao	ɾ
Kinikinao	l
Kinikinao	i
Kinikinao	ĩ
Kinikinao	u
Kinikinao	ũ
Kinikinao	e
Kinikinao	ẽ
Kinikinao	o
Kinikinao	õ
Kinikinao	a
Kinikinao	ã
Kithaulhu	p
Kithaulhu	t
Kithaulhu	k
Kithaulhu	ʔ
Kithaulhu	ɗ
Kithaulhu	β
Kithaulhu	s
Kithaulhu	h
Kithaulhu	m
Kithaulhu	n
Kithaulhu	j
Kithaulhu	w
Kithaulhu	l
Kithaulhu	i
Kithaulhu	ĩ
Kithaulhu	ḭ
Kithaulhu	ḭ̃
Kithaulhu	u
Kithaulhu	ũ
Kithaulhu	ṵ
Kithaulhu	ṵ̃
Kithaulhu	e
Kithaulhu	ẽ
Kithaulhu	ḛ
Kithaulhu	ḛ̃
Kithaulhu	o
Kithaulhu	o̰
Kithaulhu	a
Kithaulhu	ã
Kithaulhu	a̰
Kithaulhu	ã̰
Kogi	p
Kogi	b
Kogi	bː
Kogi	t
Kogi	tː
Kogi	d
Kogi	dː
Kogi	k
Kogi	kː
Kogi	ɡ
Kogi	ɡː
Kogi	ʔ
Kogi	s
Kogi	z
Kogi	ʃ
Kogi	ʒ
Kogi	x
Kogi	h
Kogi	m
Kogi	n
Kogi	ŋ
Kogi	j
Kogi	w
Kogi	l
Kogi	i
Kogi	ĩ
Kogi	ɨ
Kogi	ɨ̃
Kogi	u
Kogi	ũ
Kogi	e
Kogi	ẽ
Kogi	ə
Kogi	o
Kogi	a
Kogi	ã
Kokama	p
Kokama	t
Kokama	k
Kokama	ts
Kokama	tʃ
Kokama	x
Kokama	m
Kokama	n
Kokama	j
Kokama	w
Kokama	ɾ
Kokama	i
Kokama	ɨ
Kokama	u
Kokama	e
Kokama	a
Koreguaje	pʰ
Koreguaje	tʰ
Koreguaje	kʰ
Koreguaje	p
Koreguaje	t
Koreguaje	dʒ
Koreguaje	k
Koreguaje	ʔ
Koreguaje	ɸ
Koreguaje	β
Koreguaje	s
Koreguaje	h
Koreguaje	m̥
Koreguaje	m
Koreguaje	n
Koreguaje	ɲ
Koreguaje	ɲ̥
Koreguaje	ɾ
Koreguaje	i
Koreguaje	ĩ
Koreguaje	ɨ
Koreguaje	ɨ̃
Koreguaje	u
Koreguaje	ũ
Koreguaje	e
Koreguaje	ẽ
Koreguaje	o
Koreguaje	õ
Koreguaje	a
Koreguaje	ã
Korubo	p
Korubo	t
Korubo	k
Korubo	kʷ
Korubo	ts
Korubo	tʃ
Korubo	β
Korubo	s
Korubo	ʃ
Korubo	m
Korubo	n
Korubo	j
Korubo	w
Korubo	ɬ
Korubo	i
Korubo	ɨ
Korubo	u
Korubo	e
Korubo	o
Korubo	a
Kotiria	pʰ
Kotiria	tʰ
Kotiria	kʰ
Kotiria	p
Kotiria	t
Kotiria	tʃ
Kotiria	k
Kotiria	b
Kotiria	d
Kotiria	ɡ
Kotiria	s
Kotiria	h
Kotiria	j
Kotiria	w
Kotiria	i
Kotiria	ɨ
Kotiria	u
Kotiria	e
Kotiria	o
Kotiria	a
Kraho	kʰ
Kraho	p
Kraho	t
Kraho	k
Kraho	ts
Kraho	h
Kraho	m
Kraho	n
Kraho	ŋ
Kraho	j
Kraho	w
Kraho	l
Kraho	i
Kraho	ĩ
Kraho	iː
Kraho	ĩː
Kraho	ɯ
Kraho	ɯ̃
Kraho	ɯː
Kraho	ɯ̃ː
Kraho	u
Kraho	ũ
Kraho	uː
Kraho	ũː
Kraho	e
Kraho	eː
Kraho	ɤ
Kraho	ɤː
Kraho	o
Kraho	oː
Kraho	ɛ
Kraho	ɛ̃
Kraho	ɛː
Kraho	ɛ̃ː
Kraho	ʌ
Kraho	ʌ̃
Kraho	ʌː
Kraho	ʌ̃ː
Kraho	ɔ
Kraho	ɔ̃
Kraho	ɔː
Kraho	ɔ̃ː
Kraho	a
Kraho	ã
Kraho	aː
Kraho	ãː
Krenak	p
Krenak	b
Krenak	t
Krenak	d
Krenak	tʃ
Krenak	dʒ
Krenak	k
Krenak	ɡ
Krenak	ʔ
Krenak	ʒ
Krenak	h
Krenak	m̥
Krenak	m
Krenak	n̥
Krenak	n
Krenak	ɲ
Krenak	ɲ̥
Krenak	ŋ
Krenak	ŋ̥
Krenak	j
Krenak	w
Krenak	ɾ
Krenak	i
Krenak	ĩ
Krenak	ɨ
Krenak	u
Krenak	ũ
Krenak	o
Krenak	ə
Krenak	ɛ
Krenak	ɛ̃
Krenak	ɔ
Krenak	ɔ̃
Krenak	a
Krenak	ã
Krinkati	kʰ
Krinkati	p
Krinkati	t
Krinkati	tʃ
Krinkati	k
Krinkati	h
Krinkati	m
Krinkati	n
Krinkati	j
Krinkati	w
Krinkati	ɾ
Krinkati	i
Krinkati	ĩ
Krinkati	ɨ
Krinkati	ɨ̃
Krinkati	u
Krinkati	ũ
Krinkati	e
Krinkati	o
Krinkati	ə
Krinkati	ɛ
Krinkati	ɛ̃
Krinkati	ɔ
Krinkati	ɔ̃
Krinkati	a
Krinkati	ã
Kubeo	p
Kubeo	t
Kubeo	tʃ
Kubeo	k
Kubeo	b
Kubeo	d
Kubeo	h
Kubeo	ð̞
Kubeo	j
Kubeo	w
Kubeo	ɾ
Kubeo	i
Kubeo	ɨ
Kubeo	u
Kubeo	e
Kubeo	o
Kubeo	a
Kuikuro	p
Kuikuro	t
Kuikuro	k
Kuikuro	dʲ
Kuikuro	ts
Kuikuro	s
Kuikuro	ɣ
Kuikuro	h
Kuikuro	m
Kuikuro	n
Kuikuro	ɲ
Kuikuro	ŋ
Kuikuro	w
Kuikuro	l
Kuikuro	i
Kuikuro	ĩ
Kuikuro	ɨ
Kuikuro	ɨ̃
Kuikuro	u
Kuikuro	ũ
Kuikuro	e
Kuikuro	ẽ
Kuikuro	o
Kuikuro	õ
Kuikuro	a
Kuikuro	ã
Kulina	pʰ
Kulina	tʰ
Kulina	tsʰ
Kulina	kʰ
Kulina	p
Kulina	t
Kulina	ts
Kulina	k
Kulina	ʔ
Kulina	b
Kulina	d
Kulina	dz
Kulina	h
Kulina	m
Kulina	n
Kulina	w
Kulina	ɾ
Kulina	i
Kulina	e
Kulina	o
Kulina	a
Kunza	pʼ
Kunza	tʼ
Kunza	tʃʼ
Kunza	kʼ
Kunza	qʼ
Kunza	p
Kunza	b
Kunza	t
Kunza	k
Kunza	q
Kunza	ʔ
Kunza	ts
Kunza	tʃ
Kunza	s
Kunza	x
Kunza	ɣ
Kunza	χ
Kunza	h
Kunza	m
Kunza	n
Kunza	j
Kunza	ɾ
Kunza	l
Kunza	i
Kunza	iː
Kunza	u
Kunza	uː
Kunza	e
Kunza	eː
Kunza	o
Kunza	oː
Kunza	a
Kunza	aː
Kuruaya	p
Kuruaya	t
Kuruaya	tʃ
Kuruaya	k
Kuruaya	ʔ
Kuruaya	b
Kuruaya	d
Kuruaya	dʒ
Kuruaya	ð
Kuruaya	s
Kuruaya	ʃ
Kuruaya	h
Kuruaya	m
Kuruaya	n
Kuruaya	ŋ
Kuruaya	j
Kuruaya	w
Kuruaya	ɾ
Kuruaya	i
Kuruaya	ĩ
Kuruaya	ɨ
Kuruaya	e
Kuruaya	ẽ
Kuruaya	o
Kuruaya	õ
Kuruaya	ɔ
Kuruaya	a
Kuruaya	ã
Kwaza	p
Kwaza	t
Kwaza	t̺
Kwaza	k
Kwaza	ʔ
Kwaza	ɓ
Kwaza	ɗ
Kwaza	ts
Kwaza	tʃ
Kwaza	s
Kwaza	s̺
Kwaza	h
Kwaza	m
Kwaza	n
Kwaza	ɲ
Kwaza	j
Kwaza	w
Kwaza	ɾ
Kwaza	l
Kwaza	i
Kwaza	ĩ
Kwaza	ɨ
Kwaza	ɨ̃
Kwaza	u
Kwaza	ũ
Kwaza	e
Kwaza	ẽ
Kwaza	o
Kwaza	õ
Kwaza	ɛ
Kwaza	ɛ̃
Kwaza	œ
Kwaza	œ̃
Kwaza	a
Kwaza	ã
Latunde	p
Latunde	t
Latunde	k
Latunde	ʔ
Latunde	β
Latunde	s
Latunde	h
Latunde	m
Latunde	n
Latunde	j
Latunde	w
Latunde	l
Latunde	i
Latunde	ĩ
Latunde	ḭ
Latunde	ḭ̃
Latunde	u
Latunde	ũ
Latunde	ṵ
Latunde	ṵ̃
Latunde	e
Latunde	ḛ
Latunde	o
Latunde	o̰
Latunde	a
Latunde	ã
Latunde	a̰
Latunde	ã̰
Leco	pʰ
Leco	tʰ
Leco	kʰ
Leco	pʼ
Leco	tʼ
Leco	tʃʼ
Leco	kʼ
Leco	p
Leco	b
Leco	t
Leco	d
Leco	k
Leco	ts
Leco	tʃ
Leco	s
Leco	z
Leco	h
Leco	m
Leco	n
Leco	ŋ
Leco	j
Leco	w
Leco	ɾ
Leco	l
Leco	i
Leco	ɨ
Leco	u
Leco	e
Leco	o
Leco	a
Lokono	tʰ
Lokono	kʰ
Lokono	t
Lokono	k
Lokono	b
Lokono	d
Lokono	ɸ
Lokono	s
Lokono	ʃ
Lokono	h
Lokono	m
Lokono	n
Lokono	j
Lokono	w
Lokono	ɾ
Lokono	ɽ
Lokono	l
Lokono	i
Lokono	iː
Lokono	ɨ
Lokono	ɨː
Lokono	e
Lokono	eː
Lokono	o
Lokono	oː
Lokono	a
Lokono	aː
Lule	pʼ
Lule	tʼ
Lule	kʼ
Lule	p
Lule	t
Lule	k
Lule	ʔ
Lule	ts
Lule	s
Lule	x
Lule	m
Lule	n
Lule	j
Lule	w
Lule	ɬ
Lule	l
Lule	i
Lule	u
Lule	e
Lule	o
Lule	a
Macaguan	pʰ
Macaguan	tʰ
Macaguan	kʰ
Macaguan	p
Macaguan	t
Macaguan	k
Macaguan	b
Macaguan	ts
Macaguan	s
Macaguan	h
Macaguan	m
Macaguan	n
Macaguan	j
Macaguan	w
Macaguan	ɾ
Macaguan	ɭ
Macaguan	i
Macaguan	ɯ
Macaguan	u
Macaguan	e
Macaguan	o
Macaguan	a
Macuna	t
Macuna	k
Macuna	b
Macuna	d
Macuna	ɡ
Macuna	s
Macuna	h
Macuna	j
Macuna	w
Macuna	ɾ
Macuna	i
Macuna	ĩ
Macuna	ɨ
Macuna	ɨ̃
Macuna	u
Macuna	ũ
Macuna	e
Macuna	ẽ
Macuna	o
Macuna	õ
Macuna	a
Macuna	ã
Macushi	p
Macushi	t
Macushi	k
Macushi	ʔ
Macushi	s
Macushi	m
Macushi	n
Macushi	j
Macushi	w
Macushi	ɾ
Macushi	i
Macushi	iː
Macushi	ɨ
Macushi	ɨː
Macushi	u
Macushi	uː
Macushi	e
Macushi	eː
Macushi	o
Macushi	oː
Macushi	a
Macushi	aː
Maihiki	p
Maihiki	t
Maihiki	tʃ
Maihiki	k
Maihiki	kʷ
Maihiki	b
Maihiki	d
Maihiki	dʒ
Maihiki	ɡ
Maihiki	ɡʷ
Maihiki	s
Maihiki	h
Maihiki	j
Maihiki	w
Maihiki	i
Maihiki	ɨ
Maihiki	u
Maihiki	e
Maihiki	o
Maihiki	a
Maka	pʼ
Maka	tʼ
Maka	tsʼ
Maka	kʼ
Maka	qʼ
Maka	p
Maka	t
Maka	ts
Maka	k
Maka	q
Maka	ʔ
Maka	f
Maka	s
Maka	x
Maka	χ
Maka	h
Maka	m
Maka	n
Maka	j
Maka	w
Maka	ɬ
Maka	l
Maka	i
Maka	iː
Maka	u
Maka	uː
Maka	e
Maka	eː
Maka	o
Maka	oː
Maka	a
Maka	aː
Mako	pʰ
Mako	tʰ
Mako	ʔb
Mako	ʔd
Mako	ʔdʒ
Mako	p
Mako	t
Mako	ts
Mako	tʃ
Mako	k
Mako	kʷ
Mako	ʔ
Mako	b
Mako	d
Mako	dʒ
Mako	hʷ
Mako	h
Mako	m
Mako	n
Mako	w
Mako	ʔw
Mako	l
Mako	i
Mako	ĩ
Mako	ɨ
Mako	ɨ̃
Mako	u
Mako	ũ
Mako	e
Mako	ẽ
Mako	o
Mako	õ
Mako	a
Mako	ã
Makurap	p
Makurap	t
Makurap	tʃ
Makurap	k
Makurap	m
Makurap	n
Makurap	ŋ
Makurap	j
Makurap	w
Makurap	ɾ
Makurap	i
Makurap	ĩ
Makurap	ɨ
Makurap	ɨ̃
Makurap	e
Makurap	ẽ
Makurap	o
Makurap	õ
Makurap	a
Makurap	ã
Mamainde	pʰ
Mamainde	tʰ
Mamainde	kʰ
Mamainde	p
Mamainde	t
Mamainde	k
Mamainde	ʔ
Mamainde	s
Mamainde	h
Mamainde	m
Mamainde	n
Mamainde	j
Mamainde	w
Mamainde	l
Mamainde	i
Mamainde	ĩ
Mamainde	ḭ
Mamainde	ḭ̃
Mamainde	u
Mamainde	ũ
Mamainde	ṵ
Mamainde	ṵ̃
Mamainde	e
Mamainde	ẽ
Mamainde	ḛ
Mamainde	ḛ̃
Mamainde	o
Mamainde	õ̰
Mamainde	o̰
Mamainde	õ
Mamainde	a
Mamainde	ã
Mamainde	a̰
Mamainde	ã̰
Manchinere	p
Manchinere	t
Manchinere	k
Manchinere	ts
Manchinere	tʃ
Manchinere	s
Manchinere	ʃ
Manchinere	h
Manchinere	m
Manchinere	n
Manchinere	j
Manchinere	w
Manchinere	ɾ
Manchinere	i
Manchinere	ɨ
Manchinere	e
Manchinere	o
Manchinere	a
Mapoyo	p
Mapoyo	t
Mapoyo	k
Mapoyo	ʔ
Mapoyo	s
Mapoyo	h
Mapoyo	m
Mapoyo	n
Mapoyo	ɲ
Mapoyo	j
Mapoyo	w
Mapoyo	ɾ
Mapoyo	i
Mapoyo	ɨ
Mapoyo	u
Mapoyo	e
Mapoyo	ə
Mapoyo	o
Mapoyo	a
Mapudungun	p
Mapudungun	t̪
Mapudungun	t
Mapudungun	tʃ
Mapudungun	ʈʂ
Mapudungun	k
Mapudungun	f
Mapudungun	θ
Mapudungun	s
Mapudungun	ʐ
Mapudungun	ɣ
Mapudungun	m
Mapudungun	n̪
Mapudungun	n
Mapudungun	ɲ
Mapudungun	ŋ
Mapudungun	j
Mapudungun	w
Mapudungun	l̪
Mapudungun	l
Mapudungun	ʎ
Mapudungun	i
Mapudungun	ɨ
Mapudungun	u
Mapudungun	e
Mapudungun	o
Mapudungun	a
Matis	p
Matis	t
Matis	k
Matis	b
Matis	d
Matis	ts
Matis	tʃ
Matis	ʈʂ
Matis	s
Matis	ʃ
Matis	ʂ
Matis	m
Matis	n
Matis	j
Matis	w
Matis	i
Matis	ɨ
Matis	u
Matis	e
Matis	o
Matis	a
Matses	p
Matses	t
Matses	k
Matses	b
Matses	d
Matses	ts
Matses	tʃ
Matses	ʈʂ
Matses	s
Matses	ʃ
Matses	ʂ
Matses	m
Matses	n
Matses	j
Matses	w
Matses	i
Matses	ɨ
Matses	ɯ
Matses	e
Matses	ɤ
Matses	a
Matsigenka	p
Matsigenka	t
Matsigenka	tʲ
Matsigenka	k
Matsigenka	kʲ
Matsigenka	ɡ
Matsigenka	ts
Matsigenka	tʃ
Matsigenka	β
Matsigenka	s
Matsigenka	ʃ
Matsigenka	m
Matsigenka	n
Matsigenka	ɲ
Matsigenka	N
Matsigenka	j
Matsigenka	ɾ
Matsigenka	ɾʲ
Matsigenka	i
Matsigenka	iː
Matsigenka	ɨi
Matsigenka	e
Matsigenka	eː
Matsigenka	o
Matsigenka	oː
Matsigenka	a
Matsigenka	aː
Mawayana	t
Mawayana	tʃ
Mawayana	k
Mawayana	ɓ
Mawayana	ɗ
Mawayana	ʄ
Mawayana	ɸ
Mawayana	s
Mawayana	ʃ
Mawayana	ʂ
Mawayana	m
Mawayana	n
Mawayana	j
Mawayana	w
Mawayana	ɾ
Mawayana	i
Mawayana	ĩ
Mawayana	ɨ
Mawayana	ɨ̃
Mawayana	u
Mawayana	ũ
Mawayana	e
Mawayana	ẽ
Mawayana	o
Mawayana	õ
Mawayana	a
Mawayana	ã
Maxakali	p
Maxakali	t
Maxakali	k
Maxakali	ʔ
Maxakali	ç
Maxakali	h
Maxakali	m
Maxakali	n
Maxakali	ɲ
Maxakali	ŋ
Maxakali	i
Maxakali	ĩ
Maxakali	ɯ
Maxakali	ɯ̃
Maxakali	e
Maxakali	ẽ
Maxakali	o
Maxakali	õ
Maxakali	a
Maxakali	ã
Mbya	p
Mbya	t
Mbya	tʃ
Mbya	k
Mbya	kʷ
Mbya	ʔ
Mbya	h
Mbya	m
Mbya	n
Mbya	ɲ
Mbya	ŋ
Mbya	ŋʷ
Mbya	w
Mbya	ɾ
Mbya	i
Mbya	ĩ
Mbya	ɨ
Mbya	ɨ̃
Mbya	u
Mbya	ũ
Mbya	e
Mbya	ẽ
Mbya	o
Mbya	õ
Mbya	a
Mbya	ã
Mebengokre	p
Mebengokre	t
Mebengokre	tʃ
Mebengokre	k
Mebengokre	ʔ
Mebengokre	b
Mebengokre	d
Mebengokre	dʒ
Mebengokre	ɡ
Mebengokre	m
Mebengokre	n
Mebengokre	ɲ
Mebengokre	ŋ
Mebengokre	j
Mebengokre	w
Mebengokre	ɾ
Mebengokre	i
Mebengokre	ĩ
Mebengokre	ɯ
Mebengokre	ɯ̃
Mebengokre	u
Mebengokre	ũ
Mebengokre	e
Mebengokre	ẽ
Mebengokre	ɤ
Mebengokre	o
Mebengokre	õ
Mebengokre	ɛ
Mebengokre	ʌ
Mebengokre	ʌ̃
Mebengokre	ɔ
Mebengokre	a
Mebengokre	ã
Mehinaku	p
Mehinaku	t
Mehinaku	k
Mehinaku	ts
Mehinaku	tʃ
Mehinaku	ʂ
Mehinaku	h
Mehinaku	m
Mehinaku	n
Mehinaku	j
Mehinaku	w
Mehinaku	ɾ
Mehinaku	l
Mehinaku	i
Mehinaku	ĩ
Mehinaku	ɨ
Mehinaku	ɨ̃
Mehinaku	u
Mehinaku	ũ
Mehinaku	e
Mehinaku	ẽ
Mehinaku	a
Mehinaku	ã
Miranya	p
Miranya	t
Miranya	ts
Miranya	tʃ
Miranya	k
Miranya	ʔ
Miranya	b
Miranya	d
Miranya	dz
Miranya	dʒ
Miranya	ɡ
Miranya	ɡʷ
Miranya	β
Miranya	h
Miranya	m
Miranya	n
Miranya	ɾ
Miranya	i
Miranya	iː
Miranya	ɨ
Miranya	ɨː
Miranya	ɯ
Miranya	ɯː
Miranya	ɛ
Miranya	ɛː
Miranya	o
Miranya	oː
Miranya	a
Miranya	aː
Miranya	aʲ
Miranya	aʲː
Mochica	p
Mochica	t
Mochica	d
Mochica	c
Mochica	k
Mochica	ts
Mochica	tʃ
Mochica	f
Mochica	s
Mochica	ʃ
Mochica	ʂ
Mochica	m
Mochica	n
Mochica	ɲ
Mochica	ŋ
Mochica	j
Mochica	r
Mochica	ɬ
Mochica	l
Mochica	ʎ
Mochica	i
Mochica	iː
Mochica	ɨ
Mochica	u
Mochica	uː
Mochica	e
Mochica	o
Mochica	oː
Mochica	a
Mochica	aː
Mocovi	p
Mocovi	t
Mocovi	tʃ
Mocovi	k
Mocovi	q
Mocovi	ʔ
Mocovi	d
Mocovi	dʒ
Mocovi	s
Mocovi	ʃ
Mocovi	ɣ
Mocovi	ʁ
Mocovi	h
Mocovi	m
Mocovi	n
Mocovi	ɲ
Mocovi	j
Mocovi	w
Mocovi	ɾ
Mocovi	l
Mocovi	ʎ
Mocovi	i
Mocovi	iː
Mocovi	e
Mocovi	eː
Mocovi	o
Mocovi	oː
Mocovi	a
Mocovi	aː
MosetenC	pʰ
MosetenC	tʃʰ
MosetenC	kʰ
MosetenC	p
MosetenC	t
MosetenC	tʲ
MosetenC	k
MosetenC	ʔ
MosetenC	b
MosetenC	d
MosetenC	dʲ
MosetenC	ts
MosetenC	tʃ
MosetenC	f
MosetenC	s
MosetenC	ʃ
MosetenC	h
MosetenC	m
MosetenC	n
MosetenC	ɲ
MosetenC	ʋ
MosetenC	j
MosetenC	ɾ
MosetenC	i
MosetenC	ĩ
MosetenC	iː
MosetenC	ĩː
MosetenC	e
MosetenC	ẽ
MosetenC	eː
MosetenC	ẽː
MosetenC	ə
MosetenC	ə̃
MosetenC	əː
MosetenC	ə̃ː
MosetenC	o
MosetenC	õ
MosetenC	a
MosetenC	ã
MosetenSA	pʰ
MosetenSA	tʃʰ
MosetenSA	kʰ
MosetenSA	p
MosetenSA	t
MosetenSA	tʲ
MosetenSA	k
MosetenSA	ʔ
MosetenSA	b
MosetenSA	d
MosetenSA	dʲ
MosetenSA	ts
MosetenSA	tʃ
MosetenSA	f
MosetenSA	s
MosetenSA	ʃ
MosetenSA	h
MosetenSA	m
MosetenSA	n
MosetenSA	ɲ
MosetenSA	ʋ
MosetenSA	j
MosetenSA	ɾ
MosetenSA	i
MosetenSA	ĩ
MosetenSA	iː
MosetenSA	ĩː
MosetenSA	ɨ
MosetenSA	ɨ̃
MosetenSA	e
MosetenSA	ẽ
MosetenSA	eː
MosetenSA	ẽː
MosetenSA	ə
MosetenSA	ə̃
MosetenSA	əː
MosetenSA	ə̃ː
MosetenSA	o
MosetenSA	õ
MosetenSA	a
MosetenSA	ã
Movima	p
Movima	t
Movima	tʃ
Movima	k
Movima	kʷ
Movima	ʔ
Movima	ɓ
Movima	ɗ
Movima	β
Movima	s
Movima	h
Movima	m
Movima	n
Movima	j
Movima	j̰
Movima	w
Movima	ɾ
Movima	ɬ
Movima	l
Movima	i
Movima	iː
Movima	u
Movima	uː
Movima	e
Movima	eː
Movima	o
Movima	oː
Movima	a
Movima	aː
Muinane	p
Muinane	b
Muinane	t
Muinane	d
Muinane	tʃ
Muinane	dʒ
Muinane	tʲ
Muinane	dʲ
Muinane	k
Muinane	ɡ
Muinane	ʔ
Muinane	ɸ
Muinane	β
Muinane	s
Muinane	ʃ
Muinane	x
Muinane	m
Muinane	n
Muinane	ɲ
Muinane	j
Muinane	r
Muinane	ɾʲ
Muinane	i
Muinane	ɨ
Muinane	u
Muinane	e
Muinane	o
Muinane	a
Muisca	p
Muisca	t
Muisca	tʲ
Muisca	k
Muisca	kp
Muisca	ts
Muisca	β
Muisca	s
Muisca	ʃ
Muisca	ɣ
Muisca	h
Muisca	m
Muisca	n
Muisca	j
Muisca	w
Muisca	ɾ
Muisca	i
Muisca	ɨ
Muisca	u
Muisca	e
Muisca	o
Muisca	a
Munduruku	p
Munduruku	t
Munduruku	tʃ
Munduruku	k
Munduruku	ʔ
Munduruku	b
Munduruku	d
Munduruku	dʒ
Munduruku	s
Munduruku	ʃ
Munduruku	h
Munduruku	m
Munduruku	n
Munduruku	ŋ
Munduruku	j
Munduruku	w
Munduruku	ɾ
Munduruku	i
Munduruku	ĩ
Munduruku	ḭ
Munduruku	ḭ̃
Munduruku	e
Munduruku	ẽ
Munduruku	ḛ
Munduruku	ḛ̃
Munduruku	ə
Munduruku	ə̃
Munduruku	ə̰
Munduruku	ə̰̃
Munduruku	o
Munduruku	õ̰
Munduruku	o̰
Munduruku	õ
Munduruku	a
Munduruku	ã
Munduruku	a̰
Munduruku	ã̰
Muniche	p
Muniche	t
Muniche	c
Muniche	k
Muniche	ʔ
Muniche	d
Muniche	ɡ
Muniche	ts
Muniche	tʃ
Muniche	ʈʂ
Muniche	s
Muniche	ʃ
Muniche	ʂ
Muniche	ç
Muniche	h
Muniche	m
Muniche	n
Muniche	ɲ
Muniche	j
Muniche	w
Muniche	ɾ
Muniche	l
Muniche	i
Muniche	ɨ
Muniche	u
Muniche	e
Muniche	a
AymaraMul	pʰ
AymaraMul	tʰ
AymaraMul	tʃʰ
AymaraMul	kʰ
AymaraMul	qʰ
AymaraMul	pʼ
AymaraMul	tʼ
AymaraMul	tʃʼ
AymaraMul	kʼ
AymaraMul	qʼ
AymaraMul	p
AymaraMul	t
AymaraMul	tʃ
AymaraMul	k
AymaraMul	q
AymaraMul	s
AymaraMul	x
AymaraMul	h
AymaraMul	m
AymaraMul	n
AymaraMul	ɲ
AymaraMul	j
AymaraMul	w
AymaraMul	ɾ
AymaraMul	l
AymaraMul	ʎ
AymaraMul	i
AymaraMul	u
AymaraMul	a
Irantxe	p
Irantxe	pʲ
Irantxe	t
Irantxe	tʲ
Irantxe	k
Irantxe	kʲ
Irantxe	ʔ
Irantxe	s
Irantxe	ʃ
Irantxe	h
Irantxe	m
Irantxe	mʲ
Irantxe	n
Irantxe	nʲ
Irantxe	j
Irantxe	w
Irantxe	r
Irantxe	i
Irantxe	ĩ
Irantxe	iː
Irantxe	ɨ
Irantxe	ɨ̃
Irantxe	ɨː
Irantxe	u
Irantxe	ũ
Irantxe	uː
Irantxe	e
Irantxe	ẽ
Irantxe	eː
Irantxe	ə
Irantxe	ə̃
Irantxe	əː
Irantxe	o
Irantxe	õ
Irantxe	oː
Irantxe	a
Irantxe	ã
Irantxe	aː
Nadeb	p
Nadeb	t
Nadeb	k
Nadeb	ʔ
Nadeb	b
Nadeb	d
Nadeb	ɟ
Nadeb	ɡ
Nadeb	ʃ
Nadeb	h
Nadeb	m
Nadeb	n
Nadeb	ɲ
Nadeb	ŋ
Nadeb	j
Nadeb	w
Nadeb	ɾ
Nadeb	i
Nadeb	ĩ
Nadeb	ɯ
Nadeb	ɯ̃
Nadeb	u
Nadeb	ũ
Nadeb	e
Nadeb	ɤ
Nadeb	o
Nadeb	ɛ
Nadeb	ɛ̃
Nadeb	ʌ
Nadeb	ʌ̃
Nadeb	ɔ
Nadeb	ɔ̃
Nadeb	a
Nadeb	ã
Nanti	p
Nanti	t
Nanti	tʲ
Nanti	k
Nanti	b
Nanti	ɡ
Nanti	ts
Nanti	tʃ
Nanti	s
Nanti	ʃ
Nanti	h
Nanti	m
Nanti	n
Nanti	ɲ
Nanti	N
Nanti	j
Nanti	ɾ
Nanti	ɾʲ
Nanti	i
Nanti	iː
Nanti	ɨi
Nanti	e
Nanti	eː
Nanti	o
Nanti	oː
Nanti	a
Nanti	aː
NapoQ	p
NapoQ	t
NapoQ	k
NapoQ	b
NapoQ	d
NapoQ	ɡ
NapoQ	ts
NapoQ	tʃ
NapoQ	ɸ
NapoQ	s
NapoQ	ʃ
NapoQ	h
NapoQ	m
NapoQ	n
NapoQ	ɲ
NapoQ	j
NapoQ	w
NapoQ	ɾ
NapoQ	l
NapoQ	ʎ
NapoQ	i
NapoQ	u
NapoQ	a
Nhandeva	p
Nhandeva	t
Nhandeva	k
Nhandeva	kʷ
Nhandeva	ʔ
Nhandeva	dʒ
Nhandeva	ɡ
Nhandeva	ɡʷ
Nhandeva	mb
Nhandeva	nd
Nhandeva	ŋɡ
Nhandeva	ts
Nhandeva	tʃ
Nhandeva	j
Nhandeva	ɰ
Nhandeva	w
Nhandeva	ɾ
Nhandeva	i
Nhandeva	ĩ
Nhandeva	ɨ
Nhandeva	ɨ̃
Nhandeva	u
Nhandeva	ũ
Nhandeva	ɛ
Nhandeva	ɛ̃
Nhandeva	ɔ
Nhandeva	ɔ̃
Nhandeva	a
Nhandeva	ã
Nheengatu	p
Nheengatu	t
Nheengatu	c
Nheengatu	k
Nheengatu	kʷ
Nheengatu	ʔ
Nheengatu	b
Nheengatu	ɡ
Nheengatu	mb
Nheengatu	nd
Nheengatu	ŋɡ
Nheengatu	s
Nheengatu	ʃ
Nheengatu	m
Nheengatu	n
Nheengatu	j
Nheengatu	j̃
Nheengatu	w
Nheengatu	ɾ
Nheengatu	i
Nheengatu	u
Nheengatu	e
Nheengatu	a
NinamN	tʰ
NinamN	p
NinamN	t
NinamN	tʃ
NinamN	k
NinamN	s
NinamN	ʃ
NinamN	h
NinamN	m
NinamN	n
NinamN	j
NinamN	w
NinamN	ɾ
NinamN	i
NinamN	ĩ
NinamN	iː
NinamN	ĩː
NinamN	ɨ
NinamN	u
NinamN	ũ
NinamN	uː
NinamN	ũː
NinamN	e
NinamN	ẽ
NinamN	eː
NinamN	ẽː
NinamN	ə
NinamN	ə̃
NinamN	əː
NinamN	ə̃ː
NinamN	o
NinamN	õ
NinamN	oː
NinamN	õː
NinamN	a
NinamN	ã
NinamN	aː
NinamN	ãː
Nomatsiguenga	p
Nomatsiguenga	t
Nomatsiguenga	k
Nomatsiguenga	b
Nomatsiguenga	ɡ
Nomatsiguenga	ts
Nomatsiguenga	tʃ
Nomatsiguenga	s
Nomatsiguenga	ʃ
Nomatsiguenga	h
Nomatsiguenga	m
Nomatsiguenga	n
Nomatsiguenga	ŋ
Nomatsiguenga	N
Nomatsiguenga	j
Nomatsiguenga	ɾ
Nomatsiguenga	i
Nomatsiguenga	iː
Nomatsiguenga	ɨi
Nomatsiguenga	e
Nomatsiguenga	eː
Nomatsiguenga	o
Nomatsiguenga	oː
Nomatsiguenga	a
Nomatsiguenga	aː
Nonuya	p
Nonuya	b
Nonuya	t
Nonuya	d
Nonuya	tʲ
Nonuya	k
Nonuya	ɡ
Nonuya	ʔ
Nonuya	ts
Nonuya	dz
Nonuya	tʃ
Nonuya	dʒ
Nonuya	ɸ
Nonuya	β
Nonuya	ʃ
Nonuya	h
Nonuya	m
Nonuya	n
Nonuya	ɲ
Nonuya	ɾ
Nonuya	i
Nonuya	ɨ
Nonuya	u
Nonuya	e
Nonuya	o
Nonuya	a
NJuninSPQ	p
NJuninSPQ	t
NJuninSPQ	tʃ
NJuninSPQ	ʈʂ
NJuninSPQ	k
NJuninSPQ	ɡ
NJuninSPQ	s
NJuninSPQ	ʃ
NJuninSPQ	x
NJuninSPQ	χ
NJuninSPQ	m
NJuninSPQ	n
NJuninSPQ	ɲ
NJuninSPQ	ŋ
NJuninSPQ	j
NJuninSPQ	w
NJuninSPQ	ɾ
NJuninSPQ	l
NJuninSPQ	ʎ
NJuninSPQ	i
NJuninSPQ	iː
NJuninSPQ	u
NJuninSPQ	uː
NJuninSPQ	a
NJuninSPQ	aː
NJuninT	p
NJuninT	t
NJuninT	tʃ
NJuninT	ʈʂ
NJuninT	k
NJuninT	b
NJuninT	ɡ
NJuninT	s
NJuninT	ʃ
NJuninT	x
NJuninT	m
NJuninT	n
NJuninT	ɲ
NJuninT	ŋ
NJuninT	j
NJuninT	w
NJuninT	ɾ
NJuninT	l
NJuninT	ʎ
NJuninT	i
NJuninT	iː
NJuninT	u
NJuninT	uː
NJuninT	a
NJuninT	aː
EmberaN	kʰ
EmberaN	p
EmberaN	t
EmberaN	k
EmberaN	b
EmberaN	d
EmberaN	ɡ
EmberaN	ɓ
EmberaN	ɗ
EmberaN	ɠ
EmberaN	ts
EmberaN	tʃ
EmberaN	s
EmberaN	h
EmberaN	m
EmberaN	n
EmberaN	j
EmberaN	w
EmberaN	r
EmberaN	ɾ
EmberaN	i
EmberaN	ĩ
EmberaN	ɯ
EmberaN	ɯ̃
EmberaN	u
EmberaN	ũ
EmberaN	e
EmberaN	ẽ
EmberaN	o
EmberaN	õ
EmberaN	a
EmberaN	ã
Nukak	p
Nukak	t
Nukak	c
Nukak	k
Nukak	ʔ
Nukak	b
Nukak	d
Nukak	ɟ
Nukak	ɡ
Nukak	h
Nukak	w
Nukak	ɾ
Nukak	i
Nukak	ĩ
Nukak	ɨ
Nukak	ɨ̃
Nukak	u
Nukak	ũ
Nukak	ɛ
Nukak	ɛ̃
Nukak	ʌ
Nukak	ʌ̃
Nukak	a
Nukak	ã
Nukini	p
Nukini	b
Nukini	t
Nukini	k
Nukini	f
Nukini	v
Nukini	s
Nukini	x
Nukini	m
Nukini	n
Nukini	ŋ
Nukini	j
Nukini	w
Nukini	ɾ
Nukini	i
Nukini	ĩ
Nukini	u
Nukini	ũ
Nukini	a
Nukini	ã
Ocaina	p
Ocaina	b
Ocaina	t
Ocaina	tʲ
Ocaina	dʲ
Ocaina	k
Ocaina	ɡ
Ocaina	ʔ
Ocaina	ts
Ocaina	dz
Ocaina	tʃ
Ocaina	dʒ
Ocaina	ɸ
Ocaina	β
Ocaina	s
Ocaina	ʃ
Ocaina	ʒ
Ocaina	x
Ocaina	h
Ocaina	m
Ocaina	mː
Ocaina	n
Ocaina	nː
Ocaina	ɲ
Ocaina	ɲː
Ocaina	ɾ
Ocaina	i
Ocaina	ĩ
Ocaina	ɨ
Ocaina	ɨ̃
Ocaina	e
Ocaina	o
Ocaina	õ
Ocaina	a
Ocaina	ã
Ofaye	t
Ofaye	tʃ
Ofaye	k
Ofaye	kʷ
Ofaye	ʔ
Ofaye	d
Ofaye	dʒ
Ofaye	ɡ
Ofaye	ʃ
Ofaye	h
Ofaye	n
Ofaye	j
Ofaye	w
Ofaye	ɾ
Ofaye	i
Ofaye	ĩ
Ofaye	e
Ofaye	ẽ
Ofaye	o
Ofaye	õ
Ofaye	ə
Ofaye	ɛ
Ofaye	a
Ofaye	ã
Omagua	p
Omagua	t
Omagua	k
Omagua	kʷ
Omagua	ts
Omagua	tʃ
Omagua	s
Omagua	ʃ
Omagua	m
Omagua	n
Omagua	j
Omagua	w
Omagua	ɾ
Omagua	i
Omagua	ɨ
Omagua	u
Omagua	ɪ
Omagua	a
Omurano	p
Omurano	t
Omurano	tʃ
Omurano	b
Omurano	m
Omurano	n
Omurano	ɲ
Omurano	j
Omurano	ɾ
Omurano	l
Omurano	i
Omurano	ĩ
Omurano	u
Omurano	ũ
Omurano	e
Omurano	ẽ
Omurano	o
Omurano	õ
Omurano	a
Omurano	ã
OroWin	p
OroWin	t̪ʙ
OroWin	t
OroWin	k
OroWin	ʔ
OroWin	ɸ
OroWin	s
OroWin	m
OroWin	n
OroWin	j
OroWin	w
OroWin	ɾ
OroWin	i
OroWin	ʏ
OroWin	e
OroWin	o
OroWin	a
Pacahuara	p
Pacahuara	t
Pacahuara	k
Pacahuara	ʔ
Pacahuara	ts
Pacahuara	tʃ
Pacahuara	β
Pacahuara	s
Pacahuara	ʃ
Pacahuara	ʂ
Pacahuara	h
Pacahuara	m
Pacahuara	n
Pacahuara	j
Pacahuara	w
Pacahuara	ɾ
Pacahuara	i
Pacahuara	ɨ
Pacahuara	o
Pacahuara	a
Paez	pʰ
Paez	tʰ
Paez	tʲʰ
Paez	tsʰ
Paez	tsʲʰ
Paez	kʰ
Paez	p
Paez	pʲ
Paez	t
Paez	tʲ
Paez	ts
Paez	tsʲ
Paez	k
Paez	kʲ
Paez	mp
Paez	mpʲ
Paez	mɸʲ
Paez	nt
Paez	ntʲ
Paez	ns
Paez	nsʲ
Paez	ŋk
Paez	ɸʲ
Paez	s
Paez	sʲ
Paez	x
Paez	xʲ
Paez	m
Paez	nʰ
Paez	n
Paez	nʲ
Paez	j
Paez	w
Paez	l
Paez	lʲ
Paez	i
Paez	ĩ
Paez	ḭ
Paez	ḭ̃
Paez	iː
Paez	ĩː
Paez	u
Paez	ũ
Paez	ṵ
Paez	ṵ̃
Paez	uː
Paez	ũː
Paez	e
Paez	ẽ
Paez	ḛ
Paez	ḛ̃
Paez	eː
Paez	ẽː
Paez	a
Paez	ã
Paez	a̰
Paez	ã̰
Paez	aː
Paez	ãː
PaiTavytera	p
PaiTavytera	t
PaiTavytera	k
PaiTavytera	kʷ
PaiTavytera	ʔ
PaiTavytera	s
PaiTavytera	ʃ
PaiTavytera	h
PaiTavytera	m
PaiTavytera	n
PaiTavytera	ɲ
PaiTavytera	ŋ
PaiTavytera	ŋʷ
PaiTavytera	w
PaiTavytera	ɾ
PaiTavytera	i
PaiTavytera	ĩ
PaiTavytera	ɨ
PaiTavytera	ɨ̃
PaiTavytera	u
PaiTavytera	ũ
PaiTavytera	e
PaiTavytera	ẽ
PaiTavytera	o
PaiTavytera	õ
PaiTavytera	a
PaiTavytera	ã
Palikur	p
Palikur	t
Palikur	k
Palikur	b
Palikur	d
Palikur	ɡ
Palikur	s
Palikur	ʃ
Palikur	h
Palikur	m
Palikur	n
Palikur	j
Palikur	w
Palikur	i
Palikur	ĩ
Palikur	u
Palikur	ũ
Palikur	e
Palikur	ẽ
Palikur	o
Palikur	õ
Palikur	a
Palikur	ã
Panara	p
Panara	t
Panara	k
Panara	ʔ
Panara	s
Panara	h
Panara	m
Panara	n
Panara	j
Panara	w
Panara	ɾ
Panara	i
Panara	ĩ
Panara	ɨ
Panara	ɨ̃
Panara	u
Panara	ũ
Panara	e
Panara	ẽ
Panara	o
Panara	õ
Panara	ə
Panara	ɛ
Panara	ɔ
Panara	a
Panara	ã
Panare	p
Panare	t
Panare	tʃ
Panare	tʲ
Panare	k
Panare	ʔ
Panare	s
Panare	m
Panare	n
Panare	ɲ
Panare	j
Panare	w
Panare	ɾ
Panare	i
Panare	ɨ
Panare	u
Panare	e
Panare	ə
Panare	o
Panare	a
Panobo	p
Panobo	t
Panobo	k
Panobo	b
Panobo	ts
Panobo	s
Panobo	ʃ
Panobo	ʂ
Panobo	x
Panobo	m
Panobo	n
Panobo	j
Panobo	w
Panobo	ɾ
Panobo	i
Panobo	ɨ
Panobo	u
Panobo	a
GuaraniP	p
GuaraniP	t
GuaraniP	dʒ
GuaraniP	k
GuaraniP	kʷ
GuaraniP	ʔ
GuaraniP	mb
GuaraniP	nd
GuaraniP	ŋɡ
GuaraniP	ŋɡʷ
GuaraniP	s
GuaraniP	ʃ
GuaraniP	x
GuaraniP	ɣ
GuaraniP	ɣʷ
GuaraniP	ʋ
GuaraniP	ɾ
GuaraniP	l
GuaraniP	i
GuaraniP	ĩ
GuaraniP	ɨ
GuaraniP	ɨ̃
GuaraniP	u
GuaraniP	ũ
GuaraniP	e
GuaraniP	ẽ
GuaraniP	o
GuaraniP	õ
GuaraniP	a
GuaraniP	ã
Parakana	p
Parakana	t
Parakana	tʃ
Parakana	k
Parakana	kʷ
Parakana	ʔ
Parakana	β
Parakana	h
Parakana	m
Parakana	n
Parakana	ŋ
Parakana	ɾ
Parakana	i
Parakana	ɨ
Parakana	e
Parakana	o
Parakana	a
Paraujano	p
Paraujano	t
Paraujano	tʃ
Paraujano	k
Paraujano	ʃ
Paraujano	h
Paraujano	m
Paraujano	n
Paraujano	ɲ
Paraujano	j
Paraujano	w
Paraujano	ɾ
Paraujano	l
Paraujano	i
Paraujano	iː
Paraujano	ɨ
Paraujano	ɨː
Paraujano	u
Paraujano	uː
Paraujano	e
Paraujano	eː
Paraujano	o
Paraujano	oː
Paraujano	a
Paraujano	aː
Parecis	b
Parecis	t
Parecis	tʲ
Parecis	k
Parecis	kʷ
Parecis	ts
Parecis	θ
Parecis	h
Parecis	m
Parecis	n
Parecis	j
Parecis	w
Parecis	ɾ
Parecis	l
Parecis	i
Parecis	e
Parecis	o
Parecis	a
Parkateje	p
Parkateje	t
Parkateje	k
Parkateje	ʔ
Parkateje	h
Parkateje	m
Parkateje	n
Parkateje	j
Parkateje	w
Parkateje	ɾ
Parkateje	i
Parkateje	ĩ
Parkateje	ɨ
Parkateje	ɨ̃
Parkateje	u
Parkateje	ũ
Parkateje	e
Parkateje	ẽ
Parkateje	o
Parkateje	õ
Parkateje	ə
Parkateje	ə̃
Parkateje	ɛ
Parkateje	ɜ
Parkateje	ɔ
Parkateje	a
Paumari	tʰ
Paumari	kʰ
Paumari	p
Paumari	b
Paumari	t
Paumari	d
Paumari	tʃ
Paumari	dʒ
Paumari	k
Paumari	ɡ
Paumari	ʔ
Paumari	ɓ
Paumari	ɗ
Paumari	ɸ
Paumari	β
Paumari	s
Paumari	ʃ
Paumari	h
Paumari	m
Paumari	n
Paumari	ɾ
Paumari	ɽ
Paumari	i
Paumari	iː
Paumari	o
Paumari	oː
Paumari	a
Paumari	aː
PemonA	p
PemonA	t
PemonA	k
PemonA	ʔ
PemonA	s
PemonA	m
PemonA	n
PemonA	j
PemonA	w
PemonA	ɾ
PemonA	i
PemonA	ɯ
PemonA	u
PemonA	e
PemonA	ɤ
PemonA	o
PemonA	a
PemonT	p
PemonT	t
PemonT	k
PemonT	ʔ
PemonT	s
PemonT	m
PemonT	n
PemonT	j
PemonT	w
PemonT	ɾ
PemonT	i
PemonT	iː
PemonT	u
PemonT	uː
PemonT	e
PemonT	eː
PemonT	ə
PemonT	o
PemonT	oː
PemonT	a
PemonT	aː
Pemono	p
Pemono	t
Pemono	k
Pemono	ʔ
Pemono	s
Pemono	h
Pemono	m
Pemono	n
Pemono	ɲ
Pemono	j
Pemono	w
Pemono	ɾ
Pemono	i
Pemono	ɨ
Pemono	u
Pemono	e
Pemono	ə
Pemono	o
Pemono	a
Piapoco	p
Piapoco	t
Piapoco	k
Piapoco	ʔ
Piapoco	b
Piapoco	d
Piapoco	ts
Piapoco	β
Piapoco	s
Piapoco	h
Piapoco	m
Piapoco	n
Piapoco	j
Piapoco	ɾ
Piapoco	ɺ
Piapoco	i
Piapoco	u
Piapoco	e
Piapoco	a
Piaroa	pʰ
Piaroa	tʰ
Piaroa	kʰ
Piaroa	pʼ
Piaroa	tʼ
Piaroa	tsʼ
Piaroa	kʼ
Piaroa	kʷʼ
Piaroa	p
Piaroa	t
Piaroa	k
Piaroa	kʷ
Piaroa	ʔ
Piaroa	b
Piaroa	d
Piaroa	s
Piaroa	hʷ
Piaroa	h
Piaroa	m
Piaroa	n
Piaroa	j
Piaroa	w
Piaroa	ɾ
Piaroa	i
Piaroa	ɨ
Piaroa	u
Piaroa	e
Piaroa	ɤ
Piaroa	æ
Piaroa	ɑ
Pilaga	p
Pilaga	t
Pilaga	tʃ
Pilaga	k
Pilaga	q
Pilaga	ʔ
Pilaga	d
Pilaga	ɡ
Pilaga	s
Pilaga	h
Pilaga	m
Pilaga	n
Pilaga	ɲ
Pilaga	j
Pilaga	w
Pilaga	ʕ
Pilaga	l
Pilaga	ʎ
Pilaga	i
Pilaga	e
Pilaga	o
Pilaga	a
Piraha	p
Piraha	t
Piraha	k
Piraha	ʔ
Piraha	b
Piraha	ɡ
Piraha	s
Piraha	h
Piraha	i
Piraha	o
Piraha	a
Piratapuyo	p
Piratapuyo	t
Piratapuyo	k
Piratapuyo	b
Piratapuyo	d
Piratapuyo	ɡ
Piratapuyo	s
Piratapuyo	h
Piratapuyo	j
Piratapuyo	w
Piratapuyo	i
Piratapuyo	ĩ
Piratapuyo	ɨ
Piratapuyo	ɨ̃
Piratapuyo	u
Piratapuyo	ũ
Piratapuyo	e
Piratapuyo	ẽ
Piratapuyo	o
Piratapuyo	õ
Piratapuyo	a
Piratapuyo	ã
Pisamira	p
Pisamira	t
Pisamira	tʃ
Pisamira	k
Pisamira	b
Pisamira	d
Pisamira	ɡ
Pisamira	β
Pisamira	ʝ
Pisamira	h
Pisamira	ɰ
Pisamira	i
Pisamira	ɨ
Pisamira	u
Pisamira	e
Pisamira	o
Pisamira	a
Poyanawa	p
Poyanawa	t
Poyanawa	k
Poyanawa	b
Poyanawa	d
Poyanawa	ts
Poyanawa	tʃ
Poyanawa	β
Poyanawa	s
Poyanawa	ʃ
Poyanawa	h
Poyanawa	j
Poyanawa	w
Poyanawa	ɾ
Poyanawa	i
Poyanawa	ĩ
Poyanawa	ɨ
Poyanawa	u
Poyanawa	ũ
Poyanawa	a
Poyanawa	ã
Puinave	p
Puinave	t
Puinave	k
Puinave	ʔ
Puinave	s
Puinave	h
Puinave	m
Puinave	n
Puinave	i
Puinave	ĩ
Puinave	ɯ
Puinave	u
Puinave	e
Puinave	ɤ
Puinave	ɤ̃
Puinave	o
Puinave	õ
Puinave	a
Puinave	ã
Pume	pʰ
Pume	tʰ
Pume	tʃʰ
Pume	kʰ
Pume	p
Pume	t
Pume	tʃ
Pume	k
Pume	ʔ
Pume	b
Pume	d
Pume	dʒ
Pume	ɡ
Pume	β
Pume	ɣ
Pume	h
Pume	m
Pume	n
Pume	ɲ
Pume	ŋ
Pume	j
Pume	ɾ
Pume	ɾ̃
Pume	i
Pume	ĩ
Pume	ɯ
Pume	ɯ̃
Pume	u
Pume	ũ
Pume	e
Pume	ɤ
Pume	o
Pume	ɛ
Pume	ɛ̃
Pume	ɔ
Pume	ɔ̃
Pume	a
Pume	ã
Puri	p
Puri	t
Puri	tʃ
Puri	k
Puri	b
Puri	mp
Puri	ʃ
Puri	m
Puri	n
Puri	ɲ
Puri	j
Puri	ɾ
Puri	i
Puri	ɨ
Puri	u
Puri	e
Puri	o
Puri	a
Resigaro	pʰ
Resigaro	tʰ
Resigaro	tsʰ
Resigaro	tʃʰ
Resigaro	kʰ
Resigaro	p
Resigaro	b
Resigaro	t
Resigaro	d
Resigaro	ts
Resigaro	dz
Resigaro	tʃ
Resigaro	dʒ
Resigaro	tʲ
Resigaro	dʲ
Resigaro	k
Resigaro	ɡ
Resigaro	ʔ
Resigaro	ɸ
Resigaro	β
Resigaro	s
Resigaro	ʃ
Resigaro	ʒ
Resigaro	x
Resigaro	h
Resigaro	m̥
Resigaro	m
Resigaro	n̥
Resigaro	n
Resigaro	ɲ
Resigaro	ɲ̥
Resigaro	ɾ
Resigaro	i
Resigaro	u
Resigaro	e
Resigaro	o
Resigaro	a
Reyesano	p
Reyesano	t
Reyesano	ʈʂ
Reyesano	tɕ
Reyesano	k
Reyesano	kʷ
Reyesano	mb
Reyesano	ɳɖʐ
Reyesano	ð
Reyesano	s
Reyesano	ɕ
Reyesano	h
Reyesano	m
Reyesano	n
Reyesano	j
Reyesano	w
Reyesano	ɾ
Reyesano	l
Reyesano	i
Reyesano	ʊ
Reyesano	e
Reyesano	a
Rikbaktsa	p
Rikbaktsa	t
Rikbaktsa	tʃ
Rikbaktsa	k
Rikbaktsa	b
Rikbaktsa	d
Rikbaktsa	ʃ
Rikbaktsa	h
Rikbaktsa	m
Rikbaktsa	n
Rikbaktsa	j
Rikbaktsa	w
Rikbaktsa	ɾ
Rikbaktsa	ɽ
Rikbaktsa	i
Rikbaktsa	ĩ
Rikbaktsa	ɨ
Rikbaktsa	ɨ̃
Rikbaktsa	u
Rikbaktsa	ũ
Rikbaktsa	e
Rikbaktsa	ẽ
Rikbaktsa	ə
Rikbaktsa	ə̃
Rikbaktsa	o
Rikbaktsa	õ
Rikbaktsa	a
Rikbaktsa	ã
Sabane	p
Sabane	t
Sabane	k
Sabane	ʔ
Sabane	ɓ
Sabane	ɗ
Sabane	s
Sabane	h
Sabane	m
Sabane	n
Sabane	l
Sabane	i
Sabane	u
Sabane	e
Sabane	o
Sabane	a
Sakirabia	p
Sakirabia	t
Sakirabia	k
Sakirabia	kʷ
Sakirabia	ɡ
Sakirabia	ts
Sakirabia	β
Sakirabia	s
Sakirabia	h
Sakirabia	m
Sakirabia	n
Sakirabia	ɲ
Sakirabia	ŋ
Sakirabia	ŋʷ
Sakirabia	j
Sakirabia	ɾ
Sakirabia	i
Sakirabia	ĩ
Sakirabia	ɨ
Sakirabia	ɨ̃
Sakirabia	u
Sakirabia	ũ
Sakirabia	e
Sakirabia	ẽ
Sakirabia	a
Sakirabia	ã
SalascaQ	pʰ
SalascaQ	tʰ
SalascaQ	kʰ
SalascaQ	p
SalascaQ	b
SalascaQ	t
SalascaQ	d
SalascaQ	k
SalascaQ	ɡ
SalascaQ	ts
SalascaQ	tʃ
SalascaQ	s
SalascaQ	z
SalascaQ	ʃ
SalascaQ	ʒ
SalascaQ	x
SalascaQ	m
SalascaQ	n
SalascaQ	ɲ
SalascaQ	j
SalascaQ	w
SalascaQ	ɾ
SalascaQ	l
SalascaQ	i
SalascaQ	u
SalascaQ	a
Saliba	p
Saliba	t
Saliba	c
Saliba	k
Saliba	kʷ
Saliba	b
Saliba	d
Saliba	ɟ
Saliba	ɡ
Saliba	ɡʷ
Saliba	ɸ
Saliba	s
Saliba	x
Saliba	hʷ
Saliba	h
Saliba	m
Saliba	n
Saliba	ɲ
Saliba	ɾ
Saliba	l
Saliba	i
Saliba	ĩ
Saliba	u
Saliba	ũ
Saliba	e
Saliba	ẽ
Saliba	o
Saliba	õ
Saliba	a
Saliba	ã
SanMartinQ	p
SanMartinQ	t
SanMartinQ	tʃ
SanMartinQ	k
SanMartinQ	dʒ
SanMartinQ	s
SanMartinQ	ʃ
SanMartinQ	x
SanMartinQ	m
SanMartinQ	n
SanMartinQ	ɲ
SanMartinQ	j
SanMartinQ	w
SanMartinQ	ɾ
SanMartinQ	l
SanMartinQ	i
SanMartinQ	u
SanMartinQ	a
SanomaK	tʰ
SanomaK	p
SanomaK	t
SanomaK	k
SanomaK	s
SanomaK	h
SanomaK	m
SanomaK	n
SanomaK	w
SanomaK	l
SanomaK	i
SanomaK	ĩ
SanomaK	iː
SanomaK	ĩː
SanomaK	ɨ
SanomaK	ɨ̃
SanomaK	ɨː
SanomaK	ɨ̃ː
SanomaK	u
SanomaK	ũ
SanomaK	uː
SanomaK	ũː
SanomaK	e
SanomaK	ẽ
SanomaK	eː
SanomaK	ẽː
SanomaK	ə
SanomaK	ə̃
SanomaK	əː
SanomaK	ə̃ː
SanomaK	o
SanomaK	õ
SanomaK	oː
SanomaK	õː
SanomaK	a
SanomaK	ã
SanomaK	aː
SanomaK	ãː
SantiagoEQ	p
SantiagoEQ	t
SantiagoEQ	tʃ
SantiagoEQ	k
SantiagoEQ	ɡ
SantiagoEQ	q
SantiagoEQ	ɢ
SantiagoEQ	ɸ
SantiagoEQ	s
SantiagoEQ	ʃ
SantiagoEQ	ʒ
SantiagoEQ	x
SantiagoEQ	χ
SantiagoEQ	m
SantiagoEQ	n
SantiagoEQ	ɲ
SantiagoEQ	j
SantiagoEQ	w
SantiagoEQ	ɾ
SantiagoEQ	l
SantiagoEQ	i
SantiagoEQ	u
SantiagoEQ	e
SantiagoEQ	o
SantiagoEQ	a
Sanuma	tʰ
Sanuma	p
Sanuma	t
Sanuma	k
Sanuma	ts
Sanuma	s
Sanuma	h
Sanuma	m
Sanuma	n
Sanuma	w
Sanuma	l
Sanuma	i
Sanuma	ĩ
Sanuma	ɨ
Sanuma	ɨ̃
Sanuma	u
Sanuma	ũ
Sanuma	e
Sanuma	ẽ
Sanuma	ə
Sanuma	o
Sanuma	õ
Sanuma	a
Sanuma	ã
Sapara	p
Sapara	t
Sapara	k
Sapara	kʲ
Sapara	kʷ
Sapara	ts
Sapara	tʃ
Sapara	s
Sapara	ʃ
Sapara	hʷ
Sapara	h
Sapara	m
Sapara	mʲ
Sapara	n
Sapara	ɲ
Sapara	j
Sapara	w
Sapara	ɾ
Sapara	i
Sapara	ɨ
Sapara	u
Sapara	a
SatereMawe	p
SatereMawe	t
SatereMawe	k
SatereMawe	ʔ
SatereMawe	s
SatereMawe	h
SatereMawe	m
SatereMawe	n
SatereMawe	ŋ
SatereMawe	j
SatereMawe	w
SatereMawe	ɾ
SatereMawe	i
SatereMawe	ĩ
SatereMawe	iː
SatereMawe	ɨ
SatereMawe	ɨː
SatereMawe	u
SatereMawe	ũ
SatereMawe	uː
SatereMawe	e
SatereMawe	ẽ
SatereMawe	eː
SatereMawe	o
SatereMawe	a
SatereMawe	ã
SatereMawe	aː
Saynawa	p
Saynawa	t
Saynawa	k
Saynawa	b
Saynawa	ts
Saynawa	tʃ
Saynawa	s
Saynawa	ʃ
Saynawa	h
Saynawa	m
Saynawa	n
Saynawa	j
Saynawa	ɾ
Saynawa	i
Saynawa	u
Saynawa	ə
Saynawa	a
SecoyaA	p
SecoyaA	t
SecoyaA	d
SecoyaA	k
SecoyaA	kʷ
SecoyaA	ʔ
SecoyaA	s
SecoyaA	z
SecoyaA	h
SecoyaA	m
SecoyaA	j
SecoyaA	w
SecoyaA	i
SecoyaA	ĩ
SecoyaA	ɨ
SecoyaA	ɨ̃
SecoyaA	u
SecoyaA	ũ
SecoyaA	e
SecoyaA	ẽ
SecoyaA	o
SecoyaA	õ
SecoyaA	a
SecoyaA	ã
SecoyaP	p
SecoyaP	t
SecoyaP	k
SecoyaP	kʷ
SecoyaP	ʔ
SecoyaP	d
SecoyaP	dʒ
SecoyaP	ts
SecoyaP	h
SecoyaP	m
SecoyaP	w
SecoyaP	i
SecoyaP	ĩ
SecoyaP	ɨ
SecoyaP	ɨ̃
SecoyaP	u
SecoyaP	ũ
SecoyaP	e
SecoyaP	ẽ
SecoyaP	o
SecoyaP	õ
SecoyaP	a
SecoyaP	ã
Selknam	pʼ
Selknam	tʼ
Selknam	tʃʼ
Selknam	kʼ
Selknam	qʼ
Selknam	p
Selknam	t
Selknam	tʃ
Selknam	k
Selknam	q
Selknam	ʔ
Selknam	s̪
Selknam	s
Selknam	ʃ
Selknam	ʂ
Selknam	x
Selknam	h
Selknam	m
Selknam	n
Selknam	j
Selknam	w
Selknam	ɾ
Selknam	l
Selknam	ɪ
Selknam	ʊ
Selknam	a
Shanenawa	p
Shanenawa	t
Shanenawa	k
Shanenawa	ts
Shanenawa	tʃ
Shanenawa	f
Shanenawa	s
Shanenawa	ʂ
Shanenawa	h
Shanenawa	m
Shanenawa	n
Shanenawa	j
Shanenawa	w
Shanenawa	ɾ
Shanenawa	i
Shanenawa	ɨ
Shanenawa	u
Shanenawa	a
Sharanahua	p
Sharanahua	t
Sharanahua	k
Sharanahua	ts
Sharanahua	tʃ
Sharanahua	ɸ
Sharanahua	s
Sharanahua	ʃ
Sharanahua	ʂ
Sharanahua	h
Sharanahua	m
Sharanahua	n
Sharanahua	j
Sharanahua	w
Sharanahua	ɾ
Sharanahua	i
Sharanahua	ĩ
Sharanahua	ɨ
Sharanahua	ɨ̃
Sharanahua	u
Sharanahua	ũ
Sharanahua	a
Sharanahua	ã
Shawi	p
Shawi	t
Shawi	tʃ
Shawi	k
Shawi	ʔ
Shawi	β
Shawi	s
Shawi	ʃ
Shawi	h
Shawi	m
Shawi	n
Shawi	j
Shawi	w
Shawi	ɾ
Shawi	i
Shawi	ɨ
Shawi	u
Shawi	a
Shipibo	p
Shipibo	t
Shipibo	k
Shipibo	bβ
Shipibo	ɖʐ
Shipibo	ts
Shipibo	tʃ
Shipibo	β
Shipibo	s
Shipibo	ʃ
Shipibo	ʂ
Shipibo	h
Shipibo	m
Shipibo	n
Shipibo	j
Shipibo	w
Shipibo	i
Shipibo	iː
Shipibo	ɨ
Shipibo	ɨː
Shipibo	ʊ
Shipibo	ʊː
Shipibo	a
Shipibo	aː
Shiwilu	p
Shiwilu	t
Shiwilu	tʃ
Shiwilu	k
Shiwilu	ʔ
Shiwilu	s
Shiwilu	ʃ
Shiwilu	m
Shiwilu	n
Shiwilu	ɲ
Shiwilu	ð̞
Shiwilu	j
Shiwilu	w
Shiwilu	ɾ
Shiwilu	ʔɾ
Shiwilu	l
Shiwilu	ʎ
Shiwilu	i
Shiwilu	u
Shiwilu	ə
Shiwilu	a
Shuar	p
Shuar	t
Shuar	k
Shuar	ts
Shuar	tʃ
Shuar	s
Shuar	ʃ
Shuar	h
Shuar	m
Shuar	n
Shuar	j
Shuar	w
Shuar	ɾ
Shuar	i
Shuar	ĩ
Shuar	ɨ
Shuar	ɨ̃
Shuar	u
Shuar	ũ
Shuar	a
Shuar	ã
Siona	p
Siona	b
Siona	t
Siona	d
Siona	tʃ
Siona	k
Siona	ɡ
Siona	kʷ
Siona	ɡʷ
Siona	ʔ
Siona	s
Siona	z
Siona	hʷ
Siona	h
Siona	m
Siona	n
Siona	j
Siona	w
Siona	i
Siona	ĩ
Siona	ɨ
Siona	ɨ̃
Siona	u
Siona	ũ
Siona	e
Siona	ẽ
Siona	o
Siona	õ
Siona	a
Siona	ã
Siriano	p
Siriano	t
Siriano	k
Siriano	b
Siriano	d
Siriano	ɡ
Siriano	s
Siriano	h
Siriano	j
Siriano	w
Siriano	ɾ
Siriano	i
Siriano	ĩ
Siriano	ɨ
Siriano	ɨ̃
Siriano	u
Siriano	ũ
Siriano	e
Siriano	ẽ
Siriano	o
Siriano	õ
Siriano	a
Siriano	ã
Siriono	t
Siriono	tʃ
Siriono	kʲ
Siriono	k
Siriono	β
Siriono	s
Siriono	h
Siriono	m
Siriono	n
Siriono	ɲ
Siriono	j
Siriono	w
Siriono	ɾ
Siriono	i
Siriono	ɨ
Siriono	u
Siriono	e
Siriono	o
Siriono	a
Suruaha	b
Suruaha	t
Suruaha	d
Suruaha	dʒ
Suruaha	tʲ
Suruaha	dʲ
Suruaha	k
Suruaha	ɡ
Suruaha	s
Suruaha	z
Suruaha	ʃ
Suruaha	h
Suruaha	m
Suruaha	n
Suruaha	nʲ
Suruaha	w
Suruaha	ɾ
Suruaha	ɾʲ
Suruaha	i
Suruaha	ɨ
Suruaha	ɛ
Suruaha	o
Suruaha	a
Surui	p
Surui	t
Surui	tʃ
Surui	k
Surui	ʔ
Surui	b
Surui	d
Surui	dʒ
Surui	ɡ
Surui	s
Surui	ʃ
Surui	m
Surui	n
Surui	ɲ
Surui	ŋ
Surui	j
Surui	w
Surui	ɾ
Surui	l
Surui	i
Surui	ĩ
Surui	ɨ
Surui	ɨ̃
Surui	e
Surui	ẽ
Surui	o
Surui	õ
Surui	a
Surui	ã
Suya	p
Suya	t
Suya	tʃ
Suya	k
Suya	dʒ
Suya	s
Suya	ɣ
Suya	m
Suya	n
Suya	ɲ
Suya	ŋ
Suya	w
Suya	ɾ
Suya	i
Suya	ĩ
Suya	ɨ
Suya	ɨ̃
Suya	u
Suya	ũ
Suya	e
Suya	ẽ
Suya	o
Suya	õ
Suya	ə
Suya	ɛ
Suya	ɔ
Suya	a
Suya	ã
Tacana	p
Tacana	t
Tacana	tʃ
Tacana	ʈʂ
Tacana	k
Tacana	kʷ
Tacana	b
Tacana	d
Tacana	ɖ
Tacana	ð
Tacana	ʃ
Tacana	ʂ
Tacana	h
Tacana	m
Tacana	n
Tacana	j
Tacana	w
Tacana	ɾ
Tacana	i
Tacana	u
Tacana	e
Tacana	a
TanimucaR	p
TanimucaR	t
TanimucaR	k
TanimucaR	ʔ
TanimucaR	b
TanimucaR	d
TanimucaR	s
TanimucaR	h
TanimucaR	j
TanimucaR	w
TanimucaR	ɾ
TanimucaR	i
TanimucaR	ĩ
TanimucaR	u
TanimucaR	ũ
TanimucaR	e
TanimucaR	ẽ
TanimucaR	o
TanimucaR	õ
TanimucaR	a
TanimucaR	ã
Tapayuna	t
Tapayuna	tʷ
Tapayuna	tʃ
Tapayuna	ʈ
Tapayuna	k
Tapayuna	kʷ
Tapayuna	h
Tapayuna	hʷ
Tapayuna	m
Tapayuna	n
Tapayuna	ɲ
Tapayuna	ŋ
Tapayuna	j
Tapayuna	w
Tapayuna	ɾ
Tapayuna	i
Tapayuna	ĩ
Tapayuna	ɨ
Tapayuna	ɨ̃
Tapayuna	u
Tapayuna	ũ
Tapayuna	e
Tapayuna	ẽ
Tapayuna	o
Tapayuna	õ
Tapayuna	ə
Tapayuna	ɛ
Tapayuna	ʌ
Tapayuna	ɔ
Tapayuna	a
Tapayuna	ã
Tapiete	p
Tapiete	t
Tapiete	tʃ
Tapiete	k
Tapiete	kʷ
Tapiete	ʔ
Tapiete	dʒ
Tapiete	mb
Tapiete	nd
Tapiete	ŋɡ
Tapiete	s
Tapiete	ʃ
Tapiete	h
Tapiete	w
Tapiete	ɾ
Tapiete	i
Tapiete	ĩ
Tapiete	ɨ
Tapiete	ɨ̃
Tapiete	u
Tapiete	ũ
Tapiete	e
Tapiete	ẽ
Tapiete	o
Tapiete	õ
Tapiete	a
Tapiete	ã
Tapirape	p
Tapirape	t
Tapirape	tʃ
Tapirape	k
Tapirape	kʷ
Tapirape	ʔ
Tapirape	h
Tapirape	m
Tapirape	n
Tapirape	ŋ
Tapirape	j
Tapirape	w
Tapirape	ɾ
Tapirape	i
Tapirape	ĩ
Tapirape	ɨ
Tapirape	ɨ̃
Tapirape	e
Tapirape	ẽ
Tapirape	o
Tapirape	õ
Tapirape	a
Tapirape	ã
Tariana	pʰ
Tariana	tʰ
Tariana	dʰ
Tariana	kʰ
Tariana	p
Tariana	b
Tariana	t
Tariana	d
Tariana	tʃ
Tariana	k
Tariana	s
Tariana	h
Tariana	mʰ
Tariana	m
Tariana	nʰ
Tariana	n
Tariana	ɲʰ
Tariana	ɲ
Tariana	j
Tariana	wʰ
Tariana	w
Tariana	ɾ
Tariana	l
Tariana	i
Tariana	ĩ
Tariana	iː
Tariana	ɨ
Tariana	u
Tariana	ũ
Tariana	uː
Tariana	e
Tariana	ẽ
Tariana	eː
Tariana	o
Tariana	õ
Tariana	a
Tariana	ã
Tariana	aː
Tatuyo	p
Tatuyo	t
Tatuyo	c
Tatuyo	k
Tatuyo	b
Tatuyo	d
Tatuyo	ɡ
Tatuyo	h
Tatuyo	j
Tatuyo	w
Tatuyo	ɾ
Tatuyo	i
Tatuyo	ɨ
Tatuyo	u
Tatuyo	e
Tatuyo	o
Tatuyo	a
Taushiro	t
Taushiro	cç
Taushiro	k
Taushiro	kʷ
Taushiro	ʔ
Taushiro	ç
Taushiro	x
Taushiro	h
Taushiro	n
Taushiro	ŋ
Taushiro	j
Taushiro	w
Taushiro	ɾ
Taushiro	i
Taushiro	ĩ
Taushiro	ɨ
Taushiro	ɨ̃
Taushiro	u
Taushiro	ũ
Taushiro	e
Taushiro	ẽ
Taushiro	o
Taushiro	o
Taushiro	õ
Taushiro	a
Taushiro	ã
Tehuelche	pʼ
Tehuelche	tʼ
Tehuelche	tʃʼ
Tehuelche	kʼ
Tehuelche	qʼ
Tehuelche	p
Tehuelche	t
Tehuelche	tʃ
Tehuelche	k
Tehuelche	q
Tehuelche	ʔ
Tehuelche	b
Tehuelche	d
Tehuelche	ɡ
Tehuelche	ɢ
Tehuelche	s
Tehuelche	ʃ
Tehuelche	x
Tehuelche	χ
Tehuelche	m
Tehuelche	n
Tehuelche	j
Tehuelche	w
Tehuelche	ɾ
Tehuelche	l
Tehuelche	e
Tehuelche	eː
Tehuelche	o
Tehuelche	oː
Tehuelche	a
Tehuelche	aː
Tembe	p
Tembe	t
Tembe	k
Tembe	kʷ
Tembe	ʔ
Tembe	d
Tembe	s
Tembe	h
Tembe	m
Tembe	n
Tembe	ŋ
Tembe	ŋʷ
Tembe	w
Tembe	ɾ
Tembe	i
Tembe	ɨ
Tembe	u
Tembe	e
Tembe	ə
Tembe	o
Tembe	a
TenaQ	p
TenaQ	b
TenaQ	t
TenaQ	d
TenaQ	k
TenaQ	ɡ
TenaQ	ts
TenaQ	tʃ
TenaQ	s
TenaQ	z
TenaQ	ʃ
TenaQ	x
TenaQ	m
TenaQ	n
TenaQ	ɲ
TenaQ	j
TenaQ	w
TenaQ	ɾ
TenaQ	l
TenaQ	ʎ
TenaQ	i
TenaQ	u
TenaQ	a
Tenharim	p
Tenharim	t
Tenharim	tʃ
Tenharim	k
Tenharim	kʷ
Tenharim	ʔ
Tenharim	β
Tenharim	h
Tenharim	m
Tenharim	n
Tenharim	ɲ
Tenharim	ŋ
Tenharim	ŋʷ
Tenharim	ɾ
Tenharim	i
Tenharim	ĩ
Tenharim	ɨ
Tenharim	ɨ̃
Tenharim	u
Tenharim	ũ
Tenharim	e
Tenharim	ẽ
Tenharim	o
Tenharim	õ
Tenharim	a
Tenharim	ã
Terena	p
Terena	t
Terena	k
Terena	ʔ
Terena	s
Terena	ʃ
Terena	h
Terena	m
Terena	n
Terena	j
Terena	w
Terena	ɾ
Terena	l
Terena	i
Terena	iː
Terena	u
Terena	uː
Terena	ɛ
Terena	ɛː
Terena	o
Terena	oː
Terena	a
Terena	aː
TicunaC	p
TicunaC	t
TicunaC	tʃ
TicunaC	k
TicunaC	kʷ
TicunaC	ʔ
TicunaC	b
TicunaC	d
TicunaC	ɟ
TicunaC	ɡ
TicunaC	w
TicunaC	ɾ
TicunaC	i
TicunaC	ḭ
TicunaC	iː
TicunaC	ɨ
TicunaC	ɨ̰
TicunaC	ɨː
TicunaC	u
TicunaC	ṵ
TicunaC	uː
TicunaC	e
TicunaC	ḛ
TicunaC	eː
TicunaC	o
TicunaC	o̰
TicunaC	oː
TicunaC	a
TicunaC	a̰
TicunaC	aː
TicunaA	p
TicunaA	t
TicunaA	tʃ
TicunaA	k
TicunaA	b
TicunaA	d
TicunaA	ɟ
TicunaA	ɡ
TicunaA	w
TicunaA	ɾ
TicunaA	i
TicunaA	ĩ
TicunaA	ɯ
TicunaA	ɯ̃
TicunaA	u
TicunaA	ũ
TicunaA	e
TicunaA	ẽ
TicunaA	o
TicunaA	õ
TicunaA	a
TicunaA	ã
Tinigua	pʰ
Tinigua	tʰ
Tinigua	kʰ
Tinigua	p
Tinigua	b
Tinigua	t
Tinigua	d
Tinigua	c
Tinigua	ɟ
Tinigua	k
Tinigua	ɡ
Tinigua	kʷ
Tinigua	ts
Tinigua	tʃ
Tinigua	ɸ
Tinigua	s
Tinigua	z
Tinigua	h
Tinigua	m
Tinigua	n
Tinigua	ɲ
Tinigua	w
Tinigua	i
Tinigua	ḭ
Tinigua	iː
Tinigua	ɨ
Tinigua	ɨ̰
Tinigua	ɨː
Tinigua	u
Tinigua	ṵ
Tinigua	uː
Tinigua	e
Tinigua	ḛ
Tinigua	eː
Tinigua	o
Tinigua	o̰
Tinigua	oː
Tinigua	a
Tinigua	a̰
Tinigua	aː
TobaLany	p
TobaLany	t
TobaLany	tʃ
TobaLany	k
TobaLany	ʔ
TobaLany	dʒ
TobaLany	ɡ
TobaLany	s
TobaLany	ʃ
TobaLany	h
TobaLany	m
TobaLany	n
TobaLany	ɲ
TobaLany	j
TobaLany	w
TobaLany	ɾ
TobaLany	l
TobaLany	ʎ
TobaLany	i
TobaLany	iː
TobaLany	e
TobaLany	eː
TobaLany	o
TobaLany	oː
TobaLany	a
TobaLany	aː
TobaTak	p
TobaTak	t
TobaTak	tʃ
TobaTak	k
TobaTak	ɡ
TobaTak	q
TobaTak	ʔ
TobaTak	s
TobaTak	ʃ
TobaTak	ʒ
TobaTak	ʁ
TobaTak	h
TobaTak	m
TobaTak	n
TobaTak	ɲ
TobaTak	j
TobaTak	w
TobaTak	ɾ
TobaTak	l
TobaTak	ʎ
TobaTak	i
TobaTak	iː
TobaTak	e
TobaTak	eː
TobaTak	o
TobaTak	oː
TobaTak	a
TobaTak	aː
Trinitario	p
Trinitario	t
Trinitario	tʲ
Trinitario	c
Trinitario	k
Trinitario	ʔ
Trinitario	ts
Trinitario	tʃ
Trinitario	β
Trinitario	s
Trinitario	ç
Trinitario	x
Trinitario	m
Trinitario	n
Trinitario	ɲ
Trinitario	j
Trinitario	w
Trinitario	ɾ
Trinitario	i
Trinitario	iː
Trinitario	u
Trinitario	uː
Trinitario	e
Trinitario	eː
Trinitario	o
Trinitario	oː
Trinitario	æ
Trinitario	æː
Trinitario	a
Trinitario	aː
Trio	p
Trio	t
Trio	k
Trio	s
Trio	h
Trio	m
Trio	n
Trio	j
Trio	w
Trio	ɾ
Trio	i
Trio	iː
Trio	ɨ
Trio	ɨː
Trio	u
Trio	uː
Trio	e
Trio	eː
Trio	ə
Trio	əː
Trio	o
Trio	oː
Trio	a
Trio	aː
Trumai	t̪ʼ
Trumai	tʼ
Trumai	tsʼ
Trumai	kʼ
Trumai	p
Trumai	t̪
Trumai	t
Trumai	d
Trumai	ts
Trumai	k
Trumai	ʔ
Trumai	ɸ
Trumai	s
Trumai	ʃ
Trumai	x
Trumai	h
Trumai	m
Trumai	n
Trumai	j
Trumai	w
Trumai	ɾ
Trumai	ɬ
Trumai	l
Trumai	i
Trumai	ɨ
Trumai	u
Trumai	e
Trumai	o
Trumai	a
Tsafiki	p
Tsafiki	t
Tsafiki	k
Tsafiki	ʔ
Tsafiki	b
Tsafiki	d
Tsafiki	ts
Tsafiki	β
Tsafiki	s
Tsafiki	h
Tsafiki	m
Tsafiki	n
Tsafiki	j
Tsafiki	w
Tsafiki	ɾ
Tsafiki	l
Tsafiki	i
Tsafiki	ĩ
Tsafiki	u
Tsafiki	ũ
Tsafiki	e
Tsafiki	ẽ
Tsafiki	o
Tsafiki	õ
Tsafiki	a
Tsafiki	ã
Tsimane	pʰ
Tsimane	tʃʰ
Tsimane	kʰ
Tsimane	p
Tsimane	t
Tsimane	tʲ
Tsimane	k
Tsimane	ʔ
Tsimane	b
Tsimane	d
Tsimane	dʲ
Tsimane	ts
Tsimane	tʃ
Tsimane	f
Tsimane	s
Tsimane	ʃ
Tsimane	h
Tsimane	m
Tsimane	n
Tsimane	ɲ
Tsimane	ʋ
Tsimane	j
Tsimane	ɾ
Tsimane	i
Tsimane	ĩ
Tsimane	iː
Tsimane	ĩː
Tsimane	ɨ
Tsimane	ɨ̃
Tsimane	e
Tsimane	ẽ
Tsimane	eː
Tsimane	ẽː
Tsimane	ə
Tsimane	ə̃
Tsimane	əː
Tsimane	ə̃ː
Tsimane	o
Tsimane	õ
Tsimane	a
Tsimane	ã
Tucano	p
Tucano	t
Tucano	k
Tucano	ʔ
Tucano	b
Tucano	d
Tucano	ɡ
Tucano	s
Tucano	h
Tucano	j
Tucano	w
Tucano	i
Tucano	ɨ
Tucano	u
Tucano	e
Tucano	o
Tucano	a
Tunebo	b
Tunebo	t
Tunebo	k
Tunebo	kʷ
Tunebo	ʔ
Tunebo	s
Tunebo	ʃ
Tunebo	h
Tunebo	m
Tunebo	n
Tunebo	j
Tunebo	w
Tunebo	w̃
Tunebo	ɾ
Tunebo	i
Tunebo	u
Tunebo	e
Tunebo	o
Tunebo	a
Tupari	p
Tupari	t
Tupari	tʃ
Tupari	k
Tupari	ʔ
Tupari	b
Tupari	s
Tupari	h
Tupari	m
Tupari	n
Tupari	ŋ
Tupari	j
Tupari	w
Tupari	ɾ
Tupari	i
Tupari	ĩ
Tupari	iː
Tupari	ɨ
Tupari	ɨ̃
Tupari	ɨː
Tupari	e
Tupari	ẽ
Tupari	eː
Tupari	o
Tupari	õ
Tupari	oː
Tupari	a
Tupari	ã
Tupari	aː
Tupinamba	p
Tupinamba	t
Tupinamba	k
Tupinamba	ʔ
Tupinamba	b
Tupinamba	s
Tupinamba	ʃ
Tupinamba	m
Tupinamba	n
Tupinamba	ɲ
Tupinamba	j
Tupinamba	w
Tupinamba	ɾ
Tupinamba	i
Tupinamba	ĩ
Tupinamba	ɨ
Tupinamba	ɨ̃
Tupinamba	u
Tupinamba	ũ
Tupinamba	e
Tupinamba	ẽ
Tupinamba	o
Tupinamba	õ
Tupinamba	a
Tupinamba	ã
Tuyuca	p
Tuyuca	t
Tuyuca	k
Tuyuca	b
Tuyuca	d
Tuyuca	ɡ
Tuyuca	s
Tuyuca	h
Tuyuca	j
Tuyuca	w
Tuyuca	ɾ
Tuyuca	i
Tuyuca	ɨ
Tuyuca	u
Tuyuca	e
Tuyuca	o
Tuyuca	a
Umotina	p
Umotina	t
Umotina	k
Umotina	z
Umotina	ʃ
Umotina	ʒ
Umotina	m
Umotina	n
Umotina	j
Umotina	w
Umotina	ɾ
Umotina	l
Umotina	i
Umotina	ɨ
Umotina	u
Umotina	e
Umotina	o
Umotina	ɛ
Umotina	ɔ
Umotina	a
Urarina	t
Urarina	tɕ
Urarina	k
Urarina	kʷ
Urarina	b
Urarina	d
Urarina	s
Urarina	ʃ
Urarina	hʲ
Urarina	fʷ
Urarina	h
Urarina	m
Urarina	n
Urarina	ɲ
Urarina	ɽ
Urarina	l
Urarina	i
Urarina	ĩ
Urarina	iː
Urarina	ĩː
Urarina	ɨ
Urarina	ɨ̃
Urarina	ɨː
Urarina	ɨ̃ː
Urarina	u
Urarina	ũ
Urarina	uː
Urarina	ũː
Urarina	e
Urarina	ẽ
Urarina	eː
Urarina	ẽː
Urarina	a
Urarina	ã
Urarina	aː
Urarina	ãː
Uru	pʰ
Uru	tʰ
Uru	kʰ
Uru	qʰ
Uru	pʼ
Uru	tʼ
Uru	kʼ
Uru	qʼ
Uru	p
Uru	t
Uru	tʷ
Uru	k
Uru	kʷ
Uru	k̪
Uru	q
Uru	ts
Uru	tʃ
Uru	s
Uru	x
Uru	h
Uru	m
Uru	n
Uru	j
Uru	w
Uru	l
Uru	ʎ
Uru	i
Uru	iː
Uru	u
Uru	uː
Uru	e
Uru	eː
Uru	o
Uru	oː
Uru	a
Uru	aː
UruEuWauWau	p
UruEuWauWau	t
UruEuWauWau	tʃ
UruEuWauWau	k
UruEuWauWau	kʷ
UruEuWauWau	ʔ
UruEuWauWau	β
UruEuWauWau	h
UruEuWauWau	m
UruEuWauWau	n
UruEuWauWau	ɲ
UruEuWauWau	ŋ
UruEuWauWau	ŋʷ
UruEuWauWau	ɾ
UruEuWauWau	i
UruEuWauWau	ĩ
UruEuWauWau	ɨ
UruEuWauWau	ɨ̃
UruEuWauWau	u
UruEuWauWau	ũ
UruEuWauWau	e
UruEuWauWau	ẽ
UruEuWauWau	o
UruEuWauWau	õ
UruEuWauWau	a
UruEuWauWau	ã
Vilela	pʼ
Vilela	tʼ
Vilela	tʃʼ
Vilela	kʼ
Vilela	qʼ
Vilela	p
Vilela	b
Vilela	t
Vilela	d
Vilela	tʃ
Vilela	k
Vilela	ɡ
Vilela	q
Vilela	ɢ
Vilela	ʔ
Vilela	s
Vilela	h
Vilela	m
Vilela	n
Vilela	j
Vilela	w
Vilela	ɾ
Vilela	ɬ
Vilela	l
Vilela	i
Vilela	u
Vilela	e
Vilela	o
Vilela	a
Waimaha	p
Waimaha	t
Waimaha	k
Waimaha	b
Waimaha	d
Waimaha	ɡ
Waimaha	h
Waimaha	j
Waimaha	w
Waimaha	ɾ
Waimaha	i
Waimaha	ĩ
Waimaha	ɨ
Waimaha	ɨ̃
Waimaha	u
Waimaha	ũ
Waimaha	e
Waimaha	ẽ
Waimaha	o
Waimaha	õ
Waimaha	a
Waimaha	ã
WaimiriA	p
WaimiriA	t
WaimiriA	tʃ
WaimiriA	ʔ
WaimiriA	b
WaimiriA	d
WaimiriA	dʒ
WaimiriA	s
WaimiriA	ʃ
WaimiriA	h
WaimiriA	m
WaimiriA	n
WaimiriA	ɲ
WaimiriA	j
WaimiriA	w
WaimiriA	ɾ
WaimiriA	i
WaimiriA	ɨ
WaimiriA	ɨː
WaimiriA	u
WaimiriA	e
WaimiriA	eː
WaimiriA	o
WaimiriA	oː
WaimiriA	ɛ
WaimiriA	a
WaimiriA	aː
Waiwai	t
Waiwai	tʃ
Waiwai	k
Waiwai	ɸ
Waiwai	s
Waiwai	ʃ
Waiwai	h
Waiwai	m
Waiwai	n
Waiwai	ɲ
Waiwai	j
Waiwai	w
Waiwai	ɾ
Waiwai	ɺ
Waiwai	i
Waiwai	ɨ
Waiwai	u
Waiwai	e
Waiwai	o
Waiwai	a
Waorani	p
Waorani	t
Waorani	k
Waorani	b
Waorani	d
Waorani	ɡ
Waorani	m
Waorani	n
Waorani	ɲ
Waorani	ŋ
Waorani	j
Waorani	w
Waorani	i
Waorani	ĩ
Waorani	iː
Waorani	ĩː
Waorani	e
Waorani	ẽ
Waorani	eː
Waorani	ẽː
Waorani	o
Waorani	õ
Waorani	oː
Waorani	õː
Waorani	æ
Waorani	æ̃
Waorani	æː
Waorani	æ̃ː
Waorani	a
Waorani	ã
Waorani	aː
Waorani	ãː
Wapichana	p
Wapichana	t
Wapichana	tʃ
Wapichana	k
Wapichana	ʔ
Wapichana	b
Wapichana	d
Wapichana	ɖ
Wapichana	ɡ
Wapichana	s
Wapichana	ʃ
Wapichana	ʐ
Wapichana	m
Wapichana	n
Wapichana	ɲ
Wapichana	j
Wapichana	w
Wapichana	ɽ
Wapichana	i
Wapichana	ɨ
Wapichana	u
Wapichana	a
Warao	p
Warao	t
Warao	k
Warao	kʷ
Warao	s
Warao	h
Warao	m
Warao	n
Warao	j
Warao	w
Warao	ɾ
Warao	i
Warao	u
Warao	e
Warao	o
Warao	a
Warekena	p
Warekena	t
Warekena	k
Warekena	b
Warekena	d
Warekena	dʒ
Warekena	ɡ
Warekena	ts
Warekena	tʃ
Warekena	ʃ
Warekena	h
Warekena	m
Warekena	n
Warekena	ɲ
Warekena	j
Warekena	w
Warekena	ɺ
Warekena	i
Warekena	iː
Warekena	u
Warekena	uː
Warekena	e
Warekena	eː
Warekena	a
Warekena	aː
Wari	p
Wari	t
Wari	tʃ
Wari	k
Wari	kʷ
Wari	ʔ
Wari	hʷ
Wari	h
Wari	m
Wari	m̰
Wari	n
Wari	n̰
Wari	j
Wari	w
Wari	ɾ
Wari	i
Wari	y
Wari	e
Wari	ø
Wari	o
Wari	a
Waura	p
Waura	t
Waura	tʲ
Waura	k
Waura	ts
Waura	β
Waura	s
Waura	ʒ
Waura	ɣ
Waura	h
Waura	n
Waura	ɲ
Waura	j
Waura	w
Waura	ɾ
Waura	l
Waura	i
Waura	ĩ
Waura	ɨ
Waura	ɨ̃
Waura	u
Waura	ũ
Waura	e
Waura	ẽ
Waura	a
Waura	ã
WayampiAJ	p
WayampiAJ	t
WayampiAJ	k
WayampiAJ	kʷ
WayampiAJ	ʔ
WayampiAJ	s
WayampiAJ	h
WayampiAJ	m
WayampiAJ	n
WayampiAJ	ŋ
WayampiAJ	ŋʷ
WayampiAJ	j
WayampiAJ	w
WayampiAJ	ɾ
WayampiAJ	i
WayampiAJ	ĩ
WayampiAJ	ɨ
WayampiAJ	ɨ̃
WayampiAJ	u
WayampiAJ	ũ
WayampiAJ	e
WayampiAJ	ẽ
WayampiAJ	o
WayampiAJ	a
WayampiAJ	ã
WayampiAmp	p
WayampiAmp	t
WayampiAmp	k
WayampiAmp	kʷ
WayampiAmp	ʔ
WayampiAmp	β
WayampiAmp	s
WayampiAmp	m
WayampiAmp	n
WayampiAmp	ŋ
WayampiAmp	ŋʷ
WayampiAmp	j
WayampiAmp	w
WayampiAmp	ɾ
WayampiAmp	i
WayampiAmp	ĩ
WayampiAmp	ɨ
WayampiAmp	ɨ̃
WayampiAmp	u
WayampiAmp	ũ
WayampiAmp	e
WayampiAmp	ẽ
WayampiAmp	o
WayampiAmp	õ
WayampiAmp	a
WayampiAmp	ã
Wayana	p
Wayana	t
Wayana	k
Wayana	h
Wayana	m
Wayana	n
Wayana	j
Wayana	w
Wayana	ɽ
Wayana	i
Wayana	ɨ
Wayana	ɯ
Wayana	e
Wayana	ə
Wayana	ɤ
Wayana	a
Wayoro	p
Wayoro	t
Wayoro	tʃ
Wayoro	k
Wayoro	kʷ
Wayoro	ɡ
Wayoro	ɡʷ
Wayoro	β
Wayoro	m
Wayoro	n
Wayoro	ɲ
Wayoro	ŋ
Wayoro	ŋʷ
Wayoro	ɾ
Wayoro	i
Wayoro	ĩ
Wayoro	iː
Wayoro	ĩː
Wayoro	ɨ
Wayoro	ɨ̃
Wayoro	ɨː
Wayoro	ɨ̃ː
Wayoro	ɛ
Wayoro	ɛ̃
Wayoro	ɛː
Wayoro	ɛ̃ː
Wayoro	o
Wayoro	õ
Wayoro	oː
Wayoro	õː
Wayoro	a
Wayoro	ã
Wayoro	aː
Wayoro	ãː
Wayuu	p
Wayuu	t
Wayuu	tʃ
Wayuu	k
Wayuu	ʔ
Wayuu	s
Wayuu	ʃ
Wayuu	h
Wayuu	m
Wayuu	n
Wayuu	ɲ
Wayuu	j
Wayuu	w
Wayuu	r
Wayuu	ɺ
Wayuu	i
Wayuu	iː
Wayuu	ɨ
Wayuu	ɨː
Wayuu	u
Wayuu	uː
Wayuu	e
Wayuu	eː
Wayuu	o
Wayuu	oː
Wayuu	a
Wayuu	aː
WichiMP	pʼ
WichiMP	tʼ
WichiMP	tsʼ
WichiMP	kʲʼ
WichiMP	kʼ
WichiMP	p
WichiMP	t
WichiMP	ts
WichiMP	kʲ
WichiMP	k
WichiMP	kʷ
WichiMP	q
WichiMP	qʷ
WichiMP	s
WichiMP	x
WichiMP	xʷ
WichiMP	h
WichiMP	m
WichiMP	n
WichiMP	j
WichiMP	w
WichiMP	ɬ
WichiMP	l
WichiMP	i
WichiMP	u
WichiMP	e
WichiMP	o
WichiMP	a
WounMeu	pʰ
WounMeu	tʰ
WounMeu	kʰ
WounMeu	p
WounMeu	t
WounMeu	k
WounMeu	ʔ
WounMeu	b
WounMeu	d
WounMeu	ɡ
WounMeu	s
WounMeu	ç
WounMeu	h
WounMeu	m
WounMeu	n
WounMeu	j
WounMeu	w
WounMeu	r
WounMeu	ɾ
WounMeu	i
WounMeu	ĩ
WounMeu	ɯ
WounMeu	ɯ̃
WounMeu	u
WounMeu	ũ
WounMeu	e
WounMeu	ẽ
WounMeu	ɤ
WounMeu	ɤ̃
WounMeu	o
WounMeu	õ
WounMeu	a
WounMeu	ã
Xavante	p
Xavante	b
Xavante	t
Xavante	d
Xavante	ʔ
Xavante	s
Xavante	z
Xavante	ɣ
Xavante	j
Xavante	w
Xavante	ɾ
Xavante	i
Xavante	ĩ
Xavante	ɨ
Xavante	u
Xavante	e
Xavante	ẽ
Xavante	o
Xavante	õ
Xavante	ə
Xavante	ɛ
Xavante	ɔ
Xavante	ɐ̃
Xavante	a
Xerente	p
Xerente	b
Xerente	t
Xerente	d
Xerente	k
Xerente	s
Xerente	z
Xerente	h
Xerente	m
Xerente	n
Xerente	j
Xerente	w
Xerente	ɾ
Xerente	i
Xerente	ĩ
Xerente	ɨ
Xerente	u
Xerente	ũ
Xerente	e
Xerente	ẽ
Xerente	o
Xerente	õ
Xerente	ə
Xerente	ə̃
Xerente	ɛ
Xerente	ɔ
Xerente	a
Xeta	p
Xeta	t
Xeta	tʃ
Xeta	k
Xeta	ʔ
Xeta	dʒ
Xeta	h
Xeta	m
Xeta	n
Xeta	ŋ
Xeta	j
Xeta	w
Xeta	ɾ
Xeta	i
Xeta	ĩ
Xeta	ɨ
Xeta	ɨ̃
Xeta	u
Xeta	e
Xeta	ẽ
Xeta	o
Xeta	õ
Xeta	a
Xeta	ã
Xipaya	p
Xipaya	b
Xipaya	t
Xipaya	d
Xipaya	k
Xipaya	s
Xipaya	z
Xipaya	ʃ
Xipaya	h
Xipaya	m
Xipaya	n
Xipaya	j
Xipaya	w
Xipaya	l
Xipaya	i
Xipaya	ĩ
Xipaya	ɨ
Xipaya	ɨ̃
Xipaya	u
Xipaya	ũ
Xipaya	e
Xipaya	a
Xipaya	ã
Xiriana	p
Xiriana	t
Xiriana	c
Xiriana	k
Xiriana	ʔ
Xiriana	b
Xiriana	d
Xiriana	ɟ
Xiriana	ts
Xiriana	ɸ
Xiriana	s
Xiriana	x
Xiriana	h
Xiriana	m
Xiriana	n
Xiriana	ɲ
Xiriana	w
Xiriana	ʀ
Xiriana	ɾ
Xiriana	i
Xiriana	ɨ
Xiriana	u
Xiriana	e
Xiriana	a
Xokleng	p
Xokleng	t
Xokleng	tʃ
Xokleng	k
Xokleng	kʷ
Xokleng	ʔ
Xokleng	mb
Xokleng	nd
Xokleng	ndʒ
Xokleng	ŋɡ
Xokleng	ŋɡʷ
Xokleng	ð
Xokleng	h
Xokleng	m
Xokleng	n
Xokleng	ɲ
Xokleng	ʋ
Xokleng	j
Xokleng	l
Xokleng	i
Xokleng	ĩ
Xokleng	ɨ
Xokleng	ɨ̃
Xokleng	u
Xokleng	ũ
Xokleng	e
Xokleng	ẽ
Xokleng	o
Xokleng	õ
Xokleng	ə
Xokleng	ə̃
Xokleng	ɛ
Xokleng	ɛ̃
Xokleng	ɔ
Xokleng	ɔ̃
Xokleng	a
Xokleng	ã
Yaathe	pʰ
Yaathe	tʰ
Yaathe	tʃʰ
Yaathe	kʰ
Yaathe	p
Yaathe	t
Yaathe	k
Yaathe	d
Yaathe	dʒ
Yaathe	ts
Yaathe	tʃ
Yaathe	ɸ
Yaathe	s
Yaathe	ʃ
Yaathe	h
Yaathe	m
Yaathe	n
Yaathe	j
Yaathe	w
Yaathe	l
Yaathe	ʎ
Yaathe	i
Yaathe	iː
Yaathe	u
Yaathe	uː
Yaathe	e
Yaathe	eː
Yaathe	o
Yaathe	oː
Yaathe	ɛ
Yaathe	ɔ
Yaathe	a
Yaathe	aː
Yabarana	p
Yabarana	t
Yabarana	k
Yabarana	s
Yabarana	h
Yabarana	m
Yabarana	n
Yabarana	ɲ
Yabarana	j
Yabarana	w
Yabarana	ɾ
Yabarana	i
Yabarana	ɨ
Yabarana	u
Yabarana	e
Yabarana	ə
Yabarana	o
Yabarana	a
Yagua	p
Yagua	t
Yagua	tʃ
Yagua	k
Yagua	s
Yagua	h
Yagua	m
Yagua	n
Yagua	j
Yagua	w
Yagua	ɾ
Yagua	i
Yagua	ĩ
Yagua	ɨ
Yagua	ɨ̃
Yagua	u
Yagua	ũ
Yagua	e
Yagua	ẽ
Yagua	o
Yagua	õ
Yagua	a
Yagua	ã
Yamana	p
Yamana	t
Yamana	tʃ
Yamana	ʈʂ
Yamana	k
Yamana	f
Yamana	s
Yamana	ʃ
Yamana	ʐ
Yamana	h
Yamana	m
Yamana	n
Yamana	j
Yamana	w
Yamana	l
Yamana	i
Yamana	u
Yamana	e
Yamana	ə
Yamana	o
Yamana	a
Yameo	p
Yameo	t
Yameo	k
Yameo	s
Yameo	ʃ
Yameo	m
Yameo	n
Yameo	j
Yameo	w
Yameo	l
Yameo	i
Yameo	ĩ
Yameo	e
Yameo	ẽ
Yameo	o
Yameo	õ
Yameo	a
Yameo	ã
Yaminahua	p
Yaminahua	t
Yaminahua	k
Yaminahua	ts
Yaminahua	tʃ
Yaminahua	ɸ
Yaminahua	s
Yaminahua	ʃ
Yaminahua	ʂ
Yaminahua	ʐ
Yaminahua	h
Yaminahua	m
Yaminahua	n
Yaminahua	j
Yaminahua	ɪ
Yaminahua	ɪ̃
Yaminahua	ɯ
Yaminahua	ɯ̃
Yaminahua	o
Yaminahua	õ
Yaminahua	a
Yaminahua	ã
Yanesha	p
Yanesha	pʲ
Yanesha	t
Yanesha	tʲ
Yanesha	k
Yanesha	kʲ
Yanesha	b
Yanesha	bʲ
Yanesha	ɡ
Yanesha	ts
Yanesha	tʃ
Yanesha	ʈʂ
Yanesha	s
Yanesha	ʃ
Yanesha	ʐ
Yanesha	x
Yanesha	m
Yanesha	mʲ
Yanesha	n
Yanesha	ɲ
Yanesha	j
Yanesha	w
Yanesha	ɾ
Yanesha	ʎ
Yanesha	i
Yanesha	ḭ
Yanesha	iː
Yanesha	u
Yanesha	ṵ
Yanesha	uː
Yanesha	a
Yanesha	a̰
Yanesha	aː
YanomaeD	tʰ
YanomaeD	p
YanomaeD	t
YanomaeD	k
YanomaeD	s
YanomaeD	ʃ
YanomaeD	hʷ
YanomaeD	h
YanomaeD	m
YanomaeD	n
YanomaeD	j
YanomaeD	w
YanomaeD	ɾ
YanomaeD	i
YanomaeD	ĩ
YanomaeD	iː
YanomaeD	ĩː
YanomaeD	ɨ
YanomaeD	ɨ̃
YanomaeD	ɨː
YanomaeD	ɨ̃ː
YanomaeD	u
YanomaeD	ũ
YanomaeD	uː
YanomaeD	ũː
YanomaeD	e
YanomaeD	ẽ
YanomaeD	eː
YanomaeD	ẽː
YanomaeD	ə
YanomaeD	ə̃
YanomaeD	əː
YanomaeD	ə̃ː
YanomaeD	o
YanomaeD	õ
YanomaeD	oː
YanomaeD	õː
YanomaeD	a
YanomaeD	ã
YanomaeD	aː
YanomaeD	ãː
YanomamaP	tʰ
YanomamaP	p
YanomamaP	t
YanomamaP	k
YanomamaP	s
YanomamaP	ʃ
YanomamaP	h
YanomamaP	m
YanomamaP	n
YanomamaP	j
YanomamaP	w
YanomamaP	ɾ
YanomamaP	i
YanomamaP	ĩ
YanomamaP	iː
YanomamaP	ĩː
YanomamaP	ɨ
YanomamaP	ɨ̃
YanomamaP	ɨː
YanomamaP	ɨ̃ː
YanomamaP	u
YanomamaP	ũ
YanomamaP	uː
YanomamaP	ũː
YanomamaP	e
YanomamaP	ẽ
YanomamaP	eː
YanomamaP	ẽː
YanomamaP	ə
YanomamaP	ə̃
YanomamaP	əː
YanomamaP	ə̃ː
YanomamaP	o
YanomamaP	õ
YanomamaP	oː
YanomamaP	õː
YanomamaP	a
YanomamaP	ã
YanomamaP	aː
YanomamaP	ãː
Yanomami	tʰ
Yanomami	p
Yanomami	t
Yanomami	k
Yanomami	f
Yanomami	s
Yanomami	ʃ
Yanomami	h
Yanomami	m
Yanomami	n
Yanomami	j
Yanomami	w
Yanomami	ɾ
Yanomami	i
Yanomami	ɨ
Yanomami	u
Yanomami	e
Yanomami	ə
Yanomami	o
Yanomami	a
YanomamiP	p
YanomamiP	t
YanomamiP	k
YanomamiP	s
YanomamiP	ʃ
YanomamiP	h
YanomamiP	m
YanomamiP	n
YanomamiP	j
YanomamiP	w
YanomamiP	ɾ
YanomamiP	i
YanomamiP	ĩ
YanomamiP	iː
YanomamiP	ĩː
YanomamiP	ɨ
YanomamiP	ɨ̃
YanomamiP	ɨː
YanomamiP	ɨ̃ː
YanomamiP	u
YanomamiP	ũ
YanomamiP	uː
YanomamiP	ũː
YanomamiP	e
YanomamiP	ẽ
YanomamiP	eː
YanomamiP	ẽː
YanomamiP	ə
YanomamiP	ə̃
YanomamiP	əː
YanomamiP	ə̃ː
YanomamiP	o
YanomamiP	õ
YanomamiP	oː
YanomamiP	õː
YanomamiP	a
YanomamiP	ã
YanomamiP	aː
YanomamiP	ãː
YanomamiV	tʰ
YanomamiV	p
YanomamiV	t
YanomamiV	k
YanomamiV	s
YanomamiV	ʃ
YanomamiV	h
YanomamiV	m
YanomamiV	n
YanomamiV	j
YanomamiV	w
YanomamiV	ɾ
YanomamiV	i
YanomamiV	ĩ
YanomamiV	iː
YanomamiV	ĩː
YanomamiV	ɨ
YanomamiV	ɨ̃
YanomamiV	ɨː
YanomamiV	ɨ̃ː
YanomamiV	u
YanomamiV	ũ
YanomamiV	uː
YanomamiV	ũː
YanomamiV	e
YanomamiV	ẽ
YanomamiV	eː
YanomamiV	ẽː
YanomamiV	ə
YanomamiV	ə̃
YanomamiV	əː
YanomamiV	ə̃ː
YanomamiV	o
YanomamiV	õ
YanomamiV	oː
YanomamiV	õː
YanomamiV	a
YanomamiV	ã
YanomamiV	aː
YanomamiV	ãː
Yanomamo	tʰ
Yanomamo	p
Yanomamo	t
Yanomamo	k
Yanomamo	s
Yanomamo	ʃ
Yanomamo	h
Yanomamo	m
Yanomamo	n
Yanomamo	j
Yanomamo	w
Yanomamo	ɾ
Yanomamo	i
Yanomamo	ɨ
Yanomamo	u
Yanomamo	e
Yanomamo	ə
Yanomamo	o
Yanomamo	a
YaroameS	p
YaroameS	t
YaroameS	tʃ
YaroameS	k
YaroameS	x
YaroameS	h
YaroameS	m
YaroameS	n
YaroameS	ɲ
YaroameS	w
YaroameS	ɾ
YaroameS	i
YaroameS	ĩ
YaroameS	iː
YaroameS	ĩː
YaroameS	u
YaroameS	ũ
YaroameS	uː
YaroameS	ũː
YaroameS	e
YaroameS	ẽ
YaroameS	eː
YaroameS	ẽː
YaroameS	ə
YaroameS	ə̃
YaroameS	əː
YaroameS	ə̃ː
YaroameS	o
YaroameS	õ
YaroameS	oː
YaroameS	õː
YaroameS	a
YaroameS	ã
YaroameS	aː
YaroameS	ãː
Yavitero	b
Yavitero	t
Yavitero	d
Yavitero	k
Yavitero	ɡ
Yavitero	ts
Yavitero	dz
Yavitero	s
Yavitero	h
Yavitero	m
Yavitero	n
Yavitero	ɲ
Yavitero	j
Yavitero	w
Yavitero	ɾ
Yavitero	ɺ̥
Yavitero	ɺ
Yavitero	i
Yavitero	u
Yavitero	e
Yavitero	a
Yawalapiti	p
Yawalapiti	t
Yawalapiti	k
Yawalapiti	ts
Yawalapiti	tʃ
Yawalapiti	ʃ
Yawalapiti	ʂ
Yawalapiti	h
Yawalapiti	m
Yawalapiti	n
Yawalapiti	ɲ
Yawalapiti	j
Yawalapiti	w
Yawalapiti	r̥
Yawalapiti	ɾ
Yawalapiti	l
Yawalapiti	ʎ
Yawalapiti	i
Yawalapiti	ɨ
Yawalapiti	u
Yawalapiti	a
Yawanawa	p
Yawanawa	t
Yawanawa	k
Yawanawa	ts
Yawanawa	tʃ
Yawanawa	β
Yawanawa	s
Yawanawa	ʃ
Yawanawa	ʂ
Yawanawa	h
Yawanawa	m
Yawanawa	n
Yawanawa	j
Yawanawa	w
Yawanawa	ɾ
Yawanawa	i
Yawanawa	ɨ
Yawanawa	u
Yawanawa	a
Yekwana	t
Yekwana	tʃ
Yekwana	k
Yekwana	ʔ
Yekwana	s
Yekwana	h
Yekwana	m
Yekwana	n
Yekwana	ɲ
Yekwana	j
Yekwana	w
Yekwana	ɾ
Yekwana	i
Yekwana	iː
Yekwana	ɨ
Yekwana	ɨː
Yekwana	u
Yekwana	uː
Yekwana	e
Yekwana	eː
Yekwana	ə
Yekwana	əː
Yekwana	o
Yekwana	oː
Yekwana	a
Yekwana	aː
Yine	p
Yine	t
Yine	k
Yine	ts
Yine	tʃ
Yine	cç
Yine	s
Yine	ʃ
Yine	ç
Yine	h̃
Yine	m
Yine	n
Yine	j
Yine	w
Yine	ɾ
Yine	l
Yine	i
Yine	iː
Yine	ɯ
Yine	ɯː
Yine	e
Yine	eː
Yine	o
Yine	oː
Yine	a
Yine	aː
Yora	p
Yora	t
Yora	k
Yora	ts
Yora	tʃ
Yora	ɸ
Yora	s
Yora	ʃ
Yora	ʂ
Yora	h
Yora	m
Yora	n
Yora	j
Yora	ɾ
Yora	i
Yora	ĩ
Yora	ɨ
Yora	ɨ̃
Yora	u
Yora	ũ
Yora	a
Yora	ã
Yucuna	pʰ
Yucuna	tʰ
Yucuna	p
Yucuna	t
Yucuna	tʃ
Yucuna	k
Yucuna	ʔ
Yucuna	s
Yucuna	h
Yucuna	m
Yucuna	n
Yucuna	ɲ
Yucuna	j
Yucuna	w
Yucuna	ɾ
Yucuna	l
Yucuna	i
Yucuna	u
Yucuna	e
Yucuna	o
Yucuna	a
Yuhup	b̰
Yuhup	d̰
Yuhup	c̰
Yuhup	ɟ̰
Yuhup	k̰
Yuhup	p
Yuhup	b
Yuhup	t
Yuhup	d
Yuhup	c
Yuhup	ɟ
Yuhup	k
Yuhup	ɡ
Yuhup	ʔ
Yuhup	ʃ
Yuhup	h
Yuhup	j
Yuhup	j̰
Yuhup	w
Yuhup	w̰
Yuhup	i
Yuhup	ĩ
Yuhup	ɯ
Yuhup	ɯ̃
Yuhup	u
Yuhup	ũ
Yuhup	e
Yuhup	ɤ
Yuhup	o
Yuhup	ɛ
Yuhup	ɛ̃
Yuhup	ɔ
Yuhup	ɔ̃
Yuhup	a
Yuhup	ã
YukpaIra	p
YukpaIra	t
YukpaIra	tʃ
YukpaIra	k
YukpaIra	ʔ
YukpaIra	s
YukpaIra	ʃ
YukpaIra	m
YukpaIra	n
YukpaIra	ʋ
YukpaIra	j
YukpaIra	ɾ
YukpaIra	i
YukpaIra	ɨ
YukpaIra	u
YukpaIra	e
YukpaIra	o
YukpaIra	a
YukpaMa	p
YukpaMa	t
YukpaMa	tʃ
YukpaMa	k
YukpaMa	d
YukpaMa	β
YukpaMa	ʃ
YukpaMa	ɣ
YukpaMa	h
YukpaMa	m
YukpaMa	n
YukpaMa	ɲ
YukpaMa	j
YukpaMa	w
YukpaMa	ɾ
YukpaMa	i
YukpaMa	ɨ
YukpaMa	u
YukpaMa	ɛ
YukpaMa	ɔ
YukpaMa	a
Yuqui	p
Yuqui	t
Yuqui	tʃ
Yuqui	k
Yuqui	kʲ
Yuqui	kʷ
Yuqui	ʔ
Yuqui	b
Yuqui	d
Yuqui	ɡ
Yuqui	ɡʷ
Yuqui	s
Yuqui	ʝ
Yuqui	x
Yuqui	xʲ
Yuqui	xʷ
Yuqui	m
Yuqui	n
Yuqui	ɲ
Yuqui	ɾ
Yuqui	i
Yuqui	ĩ
Yuqui	iː
Yuqui	ĩː
Yuqui	u
Yuqui	ũ
Yuqui	uː
Yuqui	ũː
Yuqui	e
Yuqui	ẽ
Yuqui	eː
Yuqui	ẽː
Yuqui	o
Yuqui	õ
Yuqui	oː
Yuqui	õː
Yuqui	a
Yuqui	ã
Yuqui	aː
Yuqui	ãː
Yurakare	p
Yurakare	b
Yurakare	t
Yurakare	d
Yurakare	tʃ
Yurakare	ɟ
Yurakare	k
Yurakare	ʔ
Yurakare	s
Yurakare	ʃ
Yurakare	ʒ̺
Yurakare	h
Yurakare	m
Yurakare	n
Yurakare	ɲ
Yurakare	j
Yurakare	w
Yurakare	l
Yurakare	i
Yurakare	ɨ
Yurakare	u
Yurakare	e
Yurakare	o
Yurakare	æ
Yurakare	a
Yuruti	p
Yuruti	t
Yuruti	k
Yuruti	b
Yuruti	d
Yuruti	ɡ
Yuruti	s
Yuruti	h
Yuruti	j
Yuruti	w
Yuruti	ɾ
Yuruti	i
Yuruti	ɨ
Yuruti	u
Yuruti	e
Yuruti	o
Yuruti	a
Zoe	p
Zoe	t
Zoe	tʃ
Zoe	k
Zoe	kʷ
Zoe	ʔ
Zoe	b
Zoe	d
Zoe	ɡ
Zoe	s
Zoe	h
Zoe	j
Zoe	w
Zoe	ɾ
Zoe	i
Zoe	ĩ
Zoe	ɨ
Zoe	ɨ̃
Zoe	u
Zoe	ũ
Zoe	e
Zoe	ẽ
Zoe	ɔ
Zoe	ɔ̃
Zoe	a
Zoe	ã
