Language	Glottocode	Latitude	Longitude	Sounds	Consonants	Vowels	Diphthongs	NasalVowels	LongVowels	AllConsonants	AllVowels	AllDiphthongs
Abipon	abip1241	-29.0	-61.0	23	13	10	0	0	5	p t c k q ɣ ʁ h m n ɲ ɾ l	i iː e eː ə əː o oː a aː	
Achagua	acha1250	4.38649	-72.2005	29	19	10	0	0	5	p b t d k kʷ ʔ ts tʃ s ʃ ʒ h m n j w ɾ l	i iː u uː e eː o oː a aː	
Aché	ache1246	-25.5865	-56.4697	34	22	12	0	6	0	p b t d tʃ dʒ k g ʔ ⁿb ⁿd ⁿdʒ ⁿg ɸ β v m n ɲ j w ɾ	i ĩ ɨ ɨ̃ u ũ e ẽ o õ a ã	
Achuar-Shiwiar	achu1248	-2.82646	-77.2641	27	15	12	0	4	4	p t k ʔ ts tʃ s ʃ x m n ŋ j w ɾ	i ĩ iː ɨ ɨ̃ ɨː u ũ uː a ã aː	
Aguaruna	agua1253	-5.30044	-77.9218	23	15	8	0	4	0	p t k ʔ ts tʃ s ʃ h m n β̞ j ɰ ɾ	i ĩ ɨ ɨ̃ u ũ a ã	
Aikanã	aika1237	-12.6695	-60.5353	24	14	10	0	4	0	p t k ʔ b d ts m n ɲ ɹ̪ j w ɾ	i ĩ y u ũ e ẽ o a ã	
Aʔɨwa	abis1238	-1.284096	-75.084405	27	17	10	0	4	0	p t kʲ k kʷ ʔ ts tʃ s ʃ h m n j w ɾ l	i ĩ ɨ u ũ e o õ a ã	
Akuntsú	akun1241	-12.8322	-60.9716	22	11	11	0	5	0	p t k kʷ ʔ m n ŋ j w ɾ	i ĩ ɨ ɨ̃ u ũ ɛ ɛ̃ ɔ a ã	
Akurio	akur1238	3.19607	-55.6294	24	10	14	0	0	7	p t tʃ k ʔ m n j w ɾ	i iː ɨ ɨː u uː e eː ə əː o oː a aː	
Alacalufe (Central)	qawa1238	-49.303195	-74.707536	24	18	6	0	0	0	pʼ tʼ tʃʼ kʼ p t tʃ k q f s h n j w ɾ ɬ l	i u e o æ a	
Alacalufe (Southern)	qawa1238	-49.303195	-74.707536	25	19	6	0	0	0	pʼ tʼ tʃʼ kʼ p t tʃ k q f s h m n j w ɾ ɬ l	i u e o æ a	
Amahuaca	amah1246	-10.2012	-72.3208	23	15	8	0	4	0	p t k ʔ ts tʃ s ʃ x h m n j w ɾ	i ĩ ɨ ɨ̃ o õ a ã	
Amarakaeri	amar1274	-12.4931	-70.5533	33	15	18	0	8	9	p t k ʔ ⁿb ⁿd ⁿg s x m n ŋ j w ɾ	i ĩ iː ĩː ɨ ɨː e ẽ eː ẽː o õ oː õː a ã aː ãː	
Amundava	amun1246	-9.04023	-62.3064	26	14	12	0	6	0	p t tʃ k kʷ ʔ β h m n ɲ ŋ ŋʷ ɾ	i ĩ ɨ ɨ̃ u ũ e ẽ o õ a ã	
Ancash Quechua (Sihuas and Corongo dialects)	coro1247	-8.57647	-77.9864	24	18	6	0	0	3	p t k q ts tʃ ʈʂ s ʃ h m n ɲ j w ɾ l ʎ	i iː u uː a aː	
Andoa	ando1255	-3.29664	-76.6056	25	20	5	0	0	0	p pʲ t tʲ k kʲ kʷ ts tʃ s ʃ hʷ h m n ɲ j w ɾ ɾʲ	i ɨ u o̝ a	
Andoke	ando1256	-0.53751	-72.0869	35	11	24	0	6	9	p t k b d ɟ ɸ s h ɲ ɾ	i ĩ iː ɯ ɯː u uː e ẽ eː ɤ ɤ̃ ɤː o õ oː a ã aː ɑ ɑː ɒ ɒ̃ ɒː	
Apalaí	apal1257	1.49792	-54.7457	24	12	12	0	6	0	p t k ʔ s z ʃ m n j w ɾ	i ĩ ɨ ɨ̃ u ũ e ẽ o õ a ã	
Apiaká	apia1248	-7.84711	-57.91	22	12	10	0	4	0	p t k ʔ s h m n ŋ j w ɾ	i ĩ ɨ u ũ e ẽ o a ã	
Apinayé	apin1244	-6.10774	-47.6315	34	17	17	0	6	0	p t tʃ k ʔ ⁿb ⁿd ⁿdʒ f s m n ɲ ŋ j w ɾ	i ĩ ɨ ɨ̃ u ũ e ẽ ɘ o õ ə ə̃ ɛ ʌ ɔ a	
Apurinã	apur1254	-8.21692	-66.7714	34	14	20	0	10	10	p t k ts tʃ s ʃ h m n ɲ j ɰ ɾ	i ĩ iː ĩː ɨ ɨ̃ ɨː ɨ̃ː e ẽ eː ẽː o õ oː õː a ã aː ãː	
Arabela	arab1268	-1.96126	-75.0612	30	20	10	0	0	5	p t tʲ k kʲ kʷ kʲʷ s ʃ hʷ h hʲ m mʲ n ɲ j w ɾ ɾʲ	i iː u uː ɪ ɪː o oː a aː	
Araona	arao1248	-12.4242	-67.7293	23	19	4	0	0	0	p b t d k kʷ ts tʃ dʒ s z ʃ h m n ɲ j w l	i e o a	
Arara do Acre				22	14	8	0	4	0	p t k b d ts tʃ f s ʃ ʂ m n ɾ	i ĩ ɨ ɨ̃ u ũ a ã	
Arára do Mato Grosso	mato1253	-9.172609	-60.628867	33	19	14	0	6	0	p t tʃ k b d dʒ g f s ʃ x m n ɲ ŋ j w ɾ	i ĩ ɨ ɨ̃ u ũ e ẽ o õ ɛ ɔ a ã	
Arára, Pará	para1310	-3.71263	-53.0657	17	11	6	0	0	0	p t tʃ k m n ŋ j w ɾ l	i ɨ u e o a	
Araweté	araw1273	-4.90246	-52.5001	21	12	9	0	4	0	p t tʃ k ʔ d h m n j w ɾ	i ĩ ɨ ɨ̃ e ẽ o õ a	
Arikapú	arik1265	-12.4878	-62.7261	25	11	14	0	6	0	p t tʃ k ʔ h m n j w ɾ	i ĩ ɨ u ũ ɪ e ẽ ə ə̃ o õ a ã	
Asháninka	asha1243	-11.9311	-73.9073	22	14	8	0	0	4	p t k ts tʃ β s ʃ h m n ɴ j ɾ	i iː e eː o oː a aː	
Ashéninka (Apurucayali dialect)	ajyi1238	-9.82364	-74.61947	26	20	6	0	0	3	tʰ tsʰ tʃʰ p t ts tʃ k s ç h m n ɲ ɴ ʋ j ɰ ɾ ɾʲ	i iː o oː a aː	
Ashéninka (Perené dialect)	ashe1272	-10.9777	-74.9153	28	20	8	0	0	4	tsʰ p pʲ t tʲ k kʲ ts tʃ s ʃ h m n ɲ ɴ j w ɾ ɾʲ	i iː e eː o oː a aː	
Ashéninka (Pichis dialect)	pich1237	-10.47249	-74.60281	30	22	8	0	0	4	tʰ tʃʰ p pʲ t tʃ k kʲ s ʃ h m mʲ n ɲ ɴ w wʲ j ɰ ɾ ɾʲ	i iː e eː o oː a aː	
Ashéninka (Ucayali-Yurúa dialect)	ucay1237	-9.49424	-73.1836	32	24	8	0	0	4	tʰ tsʰ tʃʰ p pʲ t ts tʃ k kʲ β βʲ s ʃ h m mʲ n ɲ ɴ j ɰ ɾ ɾʲ	i iː e eː o oː a aː	
Asuriní do Tocantins	toca1235	-3.59359	-49.8991	16	11	5	0	0	0	p t k kʷ ʔ s h m n ŋ w	i ɨ e o a	
Asurini do Xingú	xing1248	-4.13463	-52.321	27	16	11	0	5	0	p t tʃ dʒ k kʷ ʔ ɸ β h m n ŋ j w ɾ	i ĩ ɨ u ũ ɛ ɛ̃ o õ a ã	
Avá-Canoeiro	avac1239	-13.6081	-48.1336	24	12	12	0	6	0	p t tʃ k kʷ ʁ m n ŋ j w ɾ	i ĩ ɨ ɨ̃ u ũ e ẽ o õ a ã	
Awa-Cuaiquer	awac1239	1.21652	-78.3401	26	16	10	0	5	0	p t k ts tʃ s z ʃ ʒ h m n j w ɾ l	i ĩ ɨ ɨ̃ u ũ e ẽ a ã	
Awetí	awet1244	-12.381944	-53.391944	26	14	12	0	6	0	p t k ʔ ts ʐ ɣ m n ŋ j w ɾ l	i ĩ ɨ ɨ̃ u ũ ɛ ɛ̃ ɔ ɔ̃ a ã	
Ayacucho Quechua	ayac1239	-13.84714	-74.32246	17	14	3	0	0	0	p t tʃ k s χ h m n ɲ w ɾ l ʎ	i u a	
Aymara (Central dialect)	cent2142	-17.0	-68.5	32	26	6	0	0	3	pʰ tʰ tʃʰ kʰ qʰ pʼ tʼ tʃʼ kʼ qʼ p t tʃ k q s x χ m n ɲ j w ɾ l ʎ	i iː u uː a aː	
Aymara (Chilean dialect)	cent2142	-17.0	-68.5	29	26	3	0	0	0	pʰ tʰ tʃʰ kʰ qʰ pʼ tʼ tʃʼ kʼ qʼ p t tʃ k q s ç χ m n ɲ j w ɾ l ʎ	i u a	
Ayoreo	ayor1240	-19.220055	-60.217495	30	20	10	0	5	0	p b t d tʃ k g ʔ s h m̥ m n̥ n ɲ ɲ̊ ŋ j w ɾ	i ĩ u ũ e ẽ o õ a ã	
Bakairí (Eastern dialect)	baka1277	-14.2628	-54.7034	30	16	14	0	7	0	p b t d k g s z ʃ h m n j w ɾ l	i ĩ ɨ ɨ̃ u ũ e ẽ ə ə̃ o õ a ã	
Bakairí (Western dialect)	baka1277	-14.2628	-54.7034	28	16	12	0	6	0	p t k ʔ b d g s ʃ h m n j w ɾ l	i ĩ u ũ e ẽ ə ə̃ o õ a ã	
Baniwa (Central)	bani1255	2.17859	-67.7704	24	16	8	0	0	4	p t̪ t ts tʃ k b d dz h m n ɲ ɻ w ɺ	i iː u uː e eː a aː	
Baniwa (Rio Negro)	bani1255	2.17859	-67.7704	26	18	8	0	0	4	p b t d k g ts dz ʂ ʐ h m n j w r ɾ ɺ	i iː u uː e eː a aː	
Barasana-Eduria	bara1380	0.02193	-70.808	17	11	6	0	0	0	p t c k b d ɟ g h w ɾ	i ɨ u e o a	
Baré	bare1276	1.91649	-66.828	23	19	4	0	0	0	pʰ tʰ kʰ p b t d tʃ k s h ʰm m ʰn n ɻ j ʰw w	i u e a	
Barí	bari1297	9.08497	-72.9353	22	10	12	0	6	0	t k b d s h m n ɲ r	i ĩ ɨ ɨ̃ u ũ e ẽ o õ a ã	
Baure	baur1253	-13.61	-63.68	18	14	4	0	0	0	p t tʃ k ʔ v s ʃ h m n j w ɾ	i e o a	
Bésɨro	chiq1248	-16.769554	-61.817795	26	14	12	0	6	0	p t tʃ c k ʔ β s ʃ ʂ m n ɲ ɾ	i ĩ ɨ ɨ̃ u ũ e ẽ o õ a ã	
Bolivian Quechua (Northern and Southern dialects)	nort2976	-14.4014	-68.7894	28	25	3	0	0	0	pʰ tʰ tʃʰ kʰ qʰ pʼ tʼ tʃʼ kʼ qʼ p t tʃ k q s h m n ɲ j w ɾ l ʎ	i u a	
Bora	bora1263	-2.000259	-72.257066	40	28	12	0	0	6	pʰ tʰ tʲʰ tsʰ tʃʰ kʰ kʲʰ p pʲ t tʲ ts tʃ k kʲ kp ʔ ʔʲ β βʲ h hʲ m mʲ n ɲ j ɾ	i iː ɨ ɨː ɯ ɯː ɛ ɛː o oː a aː	
Border Kuna	bord1248	7.92993	-77.1664	24	19	5	0	0	0	p pː t tː tʃ k kː kʷ kʷː s m mː n nː j w ɾ l lː	i u e o a	
Borôro	boro1282	-16.6029	-55.2004	22	15	7	0	0	0	p t tʃ k kʷ b d dʒ g gʷ m n j w ɾ	i ɯ u e ɤ o a	
Cabiyarí	cabi1241	0.16101	-71.0622	34	23	11	0	3	4	pʰ tʰ tsʰ kʰ p t d ts dʒ k ʔ ɸ β s ʂ h ʰm m ʰn n ɲ ɽʰ ɽ	i ĩ iː u ũ uː e eː a ã aː	
Cajamarca Quechua	caja1238	-7.09314	-78.3214	22	19	3	0	0	0	p t tʃ dʒ ʈʂ k q s ʃ ʂ ʐ x m n ɲ j w ɾ l	i u a	
Callawaya	call1235	-15.88451	-68.10176	32	26	6	0	0	3	pʰ tʰ tʃʰ kʰ qʰ pʼ tʼ tʃʼ kʼ qʼ p t tʃ k q s ʃ x m n ɲ j w ɾ l ʎ	i iː u uː a aː	
Camsá	cams1241	1.14537	-76.8931	27	21	6	0	0	0	p t k b d g ts tʃ ʈʂ s ʃ ʂ x m n ɲ j w ɾ l ʎ	i ɨ u e o a	
Candoshi-Shapra	cand1248	-4.23835	-76.9347	27	21	6	0	0	3	p t ts tʃ ʈʂ k ⁿp ⁿt ⁿts ⁿtʃ ⁿʈʂ ⁿk s ʃ ʂ h m n j w ɾ	i iː o oː a aː	
Canela	cane1242	-6.10712	-45.1299	29	13	16	0	6	0	p t tʃ k ʔ h m n ɲ ŋ j w ɾ	i ĩ ɨ ɨ̃ u ũ e o ə ɛ ɛ̃ ɜ ɔ ɔ̃ a ã	
Capanahua	capa1241	-6.63254	-74.3813	24	16	8	0	0	4	p t k ʔ ts tʃ β s ʃ ʂ h m n j w ɾ	i iː ɨ ɨː u uː a aː	
Caquinte	caqu1242	-11.4812	-73.4451	26	18	8	0	0	4	p t tʲ k g ts tʃ β s ʃ h m n ɲ ɴ j ɾ ɾʲ	i iː e eː o oː a aː	
Carib (French Guiana dialect)	gali1262	5.83772	-56.8323	17	11	6	0	0	0	p t k ʔ s h m n j w ɭ	i ɨ u e o a	
Carib (Suriname dialect)	gali1262	5.83772	-56.8323	15	9	6	0	0	0	p t k s m n j w ɾ	i ɨ u e o a	
Carib (Venezuela dialect)	gali1262	5.83772	-56.8323	15	9	6	0	0	0	p t k s m n j w ɾ	i ɨ u e o a	
Carijona	cari1279	1.21894	-72.0664	21	14	7	0	0	0	t tʃ k b d dʒ g s h m n ɲ w ɾ	i ɨ u e ə o a	
Cashibo-Cacataibo	cash1251	-8.70232	-75.4206	21	15	6	0	0	0	p t k kʷ ʔ ts tʃ s ʃ ʂ m n ɲ β̞ ɾ	i ɨ u e o a	
Cashinahua	cash1254	-9.72027	-71.1733	18	14	4	0	0	0	p t c k b d ɟ ts s ʂ h m n w	i ɨ u a	
Cavineña	cavi1250	-13.3544	-66.6277	24	20	4	0	0	0	p t c k kʷ b d ɟ ts tɕ s ɕ h m n ɲ j w ɺ ʎ	i ʊ e a	
Cayubaba	cayu1262	-13.2482	-65.4822	33	17	16	0	8	0	p b t d c ɟ k β s ʃ ʒ x m n ɲ w ɾ	i ĩ ɨ ɨ̃ u ũ e ẽ o õ ɔ ɔ̃ æ æ̃ a ã	
Cha'palaa	chac1249	0.71489	-79.0508	27	23	4	0	0	0	p t tʲ k ʔ b d dʲ g ts tʃ β s ʃ χ m n ɲ ŋ j ɾ l ʎ	i u e a	
Chachapoyas Quechua	chac1250	-6.27021	-77.6615	18	15	3	0	0	0	p t tʃ ʈʂ k s ʃ m n ɲ j w ɾ l ʎ	i u a	
Chácobo	chac1251	-12.133	-66.7164	20	16	4	0	0	0	p t k ʔ ts tʃ β s ʃ ʂ ʐ h m n j w	i ɯ o a	
Chamacoco	cham1315	-20.5899	-58.2005	37	21	16	0	7	0	p b t d tʃ dʒ k g ʔ s z ʃ ʒ ɣ h m n ɹ w r l	i ĩ ɨ ɨ̃ u ũ ɪ ɪ̃ e ẽ ə ɔ ɔ̃ a ã ɑ	
Chamicuro	cham1318	-5.1149	-75.6778	29	19	10	0	0	5	p t k ʔ ts tʃ ʈʂ s ʃ ʂ h m n ɲ j w ɾ l ʎ	i iː u uː e eː o oː a aː	
Chaná				25	20	5	0	0	0	p b t d tʃ k g ʔ s ʃ ʒ h m n ɲ j w r ɾ l	i u e o a	
Chimila	chim1309	10.1902	-74.2559	36	16	20	0	10	10	p t k ʔ ⁿb ⁿd ⁿg s h m n ŋ j w ɾ l	i ĩ iː ĩː u ũ uː ũː e ẽ eː ẽː o õ oː õː a ã aː ãː	
Chipaya	chip1262	-18.73951	-67.89633	50	40	10	0	0	5	pʰ tʰ tsʰ tʃʰ ʈʂʰ kʰ qʰ pʼ tʼ tsʼ tʃʼ ʈʂʼ kʼ qʼ p t ts tʃ ʈʂ k kʷ q qʷ s̪ s ʂ x xʷ χ χʷ m n ɲ ŋ j w ɾ ɬ l ʎ	i iː u uː e eː o oː a aː	
Chiriguano (Chané dialect)	east2555	-20.42	-63.37	24	12	12	0	6	0	p t tʃ k kʷ β s ʝ m n ŋ ɾ	i ĩ ɨ ɨ̃ u ũ e ẽ o õ a ã	
Chiriguano (Izoceño dialect)	east2555	-20.42	-63.37	24	12	12	0	6	0	p t k kʷ gʷ ⁿb ⁿd ⁿg β s ʝ ɾ	i ĩ ɨ ɨ̃ u ũ e ẽ o õ a ã	
Cholón	chol1284	-9.23129	-75.9621	20	15	5	0	0	0	p t k ts tʃ s x m n ɲ ŋ j w l ʎ	i u ɪ ʊ a	
Chorote (Iyo'wujwa and Iyowa'ja dialects)	iyow1239	-22.2067	-62.6508	21	16	5	0	0	0	tʼ kʼ p t k ʔ ts s x fʷ m n j w ɬ l	i u e o a	
Chulupí	niva1238	-22.8557	-61.7606	28	22	6	0	0	0	pʼ tʼ tsʼ tʃʼ kʼ p t ts tʃ k ʔ ɸ s ʃ x m n ɲ j w ɬ kˡ	i u e o a ɑ	
Cofán	cofa1242	0.276675	-77.0643	37	27	10	0	5	0	pʰ tʰ tsʰ tʃʰ kʰ p t ts tʃ k ʔ b d dz dʒ g f s ʃ x m n ɲ ʋ j w ɾ	i ĩ ɨ ɨ̃ ɛ ɛ̃ o õ a ã	
Cuiba	cuib1242	6.19829	-69.8197	25	17	8	0	0	0	pʰ tʰ kʰ p t k b d ts tʃ s h m n ɲ j w	i ɨ u e o ʌ æ a	
Curripaco	curr1243	0.69618	-67.5028	29	25	4	0	0	0	pʰ tʰ kʰ p b t d k ʔ ts dz ɸ β ʃ ʂ h ʰm m ʰn n j w ʰɾ ɾ ɺ	i u e a	
Cuzco-Collao Quechua	cusc1236	-14.0853	-71.7663	33	28	5	0	0	0	pʰ tʰ tʃʰ kʰ qʰ pʼ tʼ tʃʼ kʼ qʼ p t tʃ k q s ʃ x χ h m n ɲ j w ɾ l ʎ	i u e o a	
Damana	mala1522	10.9286	-73.4056	27	20	7	0	1	0	p b t d tʃ dʒ k g s z ʃ ʒ h m n j w r ɾ l	i ɨ u ũ e o a	
Dâw	daww1239	-0.1177	-67.2934	39	24	15	0	6	0	p t c k ʔ b d ɟ g ʃ x h m m̰ n n̰ ɲ ɲ̰ ŋ j j̰ w w̰ l	i ĩ ɯ ɯ̃ u ũ e ɤ o ɛ ɛ̃ ɔ ɔ̃ a ã	
Dení	deni1241	-6.74962	-67.5029	19	15	4	0	0	0	pʰ tʰ kʰ p t ts k b d dz v h m n ɾ	i u ɛ a	
Desano	desa1247	0.58157	-69.4955	15	9	6	0	0	0	p t k b d g s j w	i ɨ u e o a	
Emberá-Baudó	embe1259	5.2824	-76.32548	33	21	12	0	6	0	pʰ tʰ kʰ p t tʃ k b d ɓ ɗ β s h m n j w r ɾ l	i ĩ ɨ ɨ̃ u ũ e ẽ o õ a ã	
Emberá-Catío	embe1260	7.52721	-76.7476	31	19	12	0	6	0	pʰ tʰ tʃʰ kʰ pʼ tʼ tʃʼ kʼ b d dʒ sʼ sʰ h m n w r ɾ	i ĩ ɯ ɯ̃ u ũ e ẽ o õ a ã	
Emberá-Chamí	embe1262	4.8791	-76.0749	28	16	12	0	6	0	p t tʃ k b d ɓ ɗ s x m n j w r ɾ	i ĩ ɯ ɯ̃ u ũ e ẽ o õ a ã	
Emerillon	emer1243	3.23694	-52.3699	30	16	14	0	7	0	p b t d tʃ dʒ k g kʷ ʔ s z h j w ɾ	i ĩ ɨ ɨ̃ u ũ e ẽ ə ə̃ o õ a ã	
Enawené-Nawé	enaw1238	-12.4302	-58.9802	25	13	12	0	4	4	t k d s ʃ h m n ɲ j w ɾ l	i ĩ iː e ẽ eː o õ oː a ã aː	
Epena	epen1239	4.25877	-77.3566	38	17	21	0	7	7	pʰ tʰ kʰ p t tʃ k ʔ b d g s h j w r ɾ	i ĩ iː ɨ ɨ̃ ɨː u ũ uː e ẽ eː ə ə̃ əː o õ oː a ã aː	
Ese Eja (Peru)	esee1248	-11.7268	-67.515	22	18	4	0	0	0	p t k kʷ ʔ ɓ ɗ ts tʃ s ʃ x h m n ɲ j w	i e o a	
Ese Ejja (Bolivia)	esee1248	-11.7268	-67.515	21	17	4	0	0	0	p t tʃ k kʷ ʔ ɓ̥ ɗ̥ s ʃ x h m n ɲ j w	i e o a	
Ferreñafe Quechua	lamb1276	-6.1715	-79.468	19	16	3	0	0	0	p t tʃ ʈʂ k q s ʃ ʒ m n ɲ j w ɾ l	i u a	
Gavião do Jiparaná	gavi1246	-10.7235	-61.6752	29	19	10	0	5	0	p t ts cç k ʔ b d dz ɟʝ g β m n ɲ ŋ j ɾ l	i ĩ ɨ ɨ̃ e ẽ o õ a ã	
Gavião do Pará	para1315	-4.91161	-49.0217	21	11	10	0	3	0	kʰ p t tʃ k h m n j w ɾ	i ɨ u e ẽ ə ə̃ o õ a	
Guahibo	guah1255	5.81736	-68.9839	35	17	18	0	6	6	tʰ p t k b d ts ɸ s x h m n j w ɾ l	i ĩ iː ɨ ɨ̃ ɨː u ũ uː e ẽ eː o õ oː a ã aː	
Guajá	guaj1256	-3.93574	-46.3683	24	12	12	0	6	0	p t tʃ k kʷ ʔ h m n j w ɾ	i ĩ ɨ ɨ̃ u ũ e ẽ o õ a ã	
Guajajára	guaj1255	-4.69461	-45.7081	22	15	7	0	0	0	p t k kʷ ʔ ts z h m n ŋ ŋʷ j w ɾ	i ɨ u ɛ ə ɔ a	
Guambiano	guam1248	2.55849	-76.582	25	20	5	0	0	0	p t k kʷ ʔ ts tʃ ʈʂ s ʃ ʒ ʂ m n ɲ j w ɾ l ʎ	i ɨ e o a	
Guarayu	guar1292	-15.8247	-61.6934	29	17	12	0	6	0	p t k kʷ ʔ gʷ ⁿb ⁿd ⁿg ts tʃ β m n ɲ j ɾ	i ĩ ɨ ɨ̃ u ũ e ẽ o õ a ã	
Guató	guat1253	-17.8696	-57.2897	25	17	8	0	0	0	p b t d tʃ dʒ k g kʷ gʷ f v h m n j ɾ	i ɨ u e o ɛ ɔ a	
Guayabero	guay1257	2.8969	-71.844	22	16	6	0	0	0	p t tʃ k b d ɸ s x h m n j w ɾ l	i ɨ u e o a	
Günün Yajich				32	26	6	0	0	0	pʼ tʼ tsʼ ʈʂʼ kʼ p b t d ts ʈʂ k g q ʔ s ʂ x m n j w ɾ ɬ l ʎ	i ɨ u e o a	
Hixkaryána	hixk1239	-0.16265	-58.80153	23	18	5	0	0	0	p t tʃ k b d dʲ ɸ s ʃ h m n ɲ j w ɾ ɺ	ɨ u e o a	
Hoti	yuwa1244	5.63879	-65.4267	35	21	14	0	7	1	ʰb b t ʰt ʰd d c ʰc ʰɟ ɟ k ʰk ʰkʷ kʷ h ʰj j ʰw w ʰɾ ɾ	i ĩ ɨ ɨ̃ u ũ e ẽ ɘ o õ ə̃ː a ã	
Huallaga Huánuco Quechua	hual1241	-9.57135	-75.594	22	16	6	0	0	3	p t tʃ k q s ʃ h m n ɲ j w ɾ l ʎ	i iː u uː a aː	
Huambisa	huam1247	-3.99109	-77.9797	23	15	8	0	4	0	p t k ʔ ts tʃ s ʃ h m n ŋ j w ɾ	i ĩ ɯ ɯ̃ u ũ a ã	
Huaylas-Conchucos Quechua	nort2979	-8.97356	-77.4146	23	17	6	0	0	3	p t k q ts tʃ s ʃ h m n ɲ j w ɾ l ʎ	i iː u uː a aː	
Huitoto, Minica	mini1256	-1.54535	-73.1107	24	18	6	0	0	0	p b t d tʃ dʒ k g ʔ ɸ β s x m n ɲ ŋ ɾ	i ɨ u e o a	
Huitoto, Murui	muru1274	-1.13669	-73.8331	20	14	6	0	0	0	b t d c ɟ k g ɸ β θ m n ɲ ɾ	i ɨ u e o a	
Hup	hupd1244	0.58622	-69.8359	34	19	15	0	6	0	pʼ b̰ d̰ ɟ̰ g̰ p b t d c k g ʔ ç h j j̰ w w̰	i ĩ ɨ ɨ̃ u ũ e o ə ɔ ɔ̃ æ æ̃ a ã	
Ignaciano	igna1246	-15.1188	-65.3993	19	15	4	0	0	0	p t k ʔ ts tʃ v s ʃ h m n ɲ j ɾ	i u e a	
Ika	arhu1242	10.7018	-73.6363	21	15	6	0	0	0	p b t d tʃ dʒ k g ʔ s z m n ɴ ɾ	i u e ə o a	
Ikpeng	ikpe1245	-11.37822	-53.49553	18	12	6	0	0	0	p t tʃ k g m n ŋ j w ɾ l	i ɨ u e o a	
Imbabura Quichua	imba1240	0.31776	-78.3729	20	17	3	0	0	0	p t k ts tʃ ɸ s ʃ ʒ x m n ɲ j w ɾ l	i u a	
Iñapari	inap1242	-12.46525	-69.30827	31	13	18	0	6	6	p t tʃ ʔ s h m n ɲ j w ɾ l	i ĩ iː ɯ ɯ̃ ɯː u ũ uː e ẽ eː o õ oː a ã aː	
Inga (Highland dialect)	inga1252	1.00313	-76.8606	22	19	3	0	0	0	p t k b d g ts tʃ s ʃ x m n ɲ j w ɾ l ʎ	i u a	
Inga (Jungle dialect)	jung1240	0.88872	-76.6593	16	13	3	0	0	0	p t tʃ k s ʃ x m n ɲ ɾ l ʎ	i u a	
Ingarikó	akaw1239	6.16277	-60.862	21	10	11	0	0	4	p t k ʔ s m n j w ɾ	i iː ɯ u e eː ɤ o oː a aː	
Iquito	iqui1243	-3.31233	-73.97046	19	11	8	0	0	4	p t k kʷ s h m n j w ɾ	i iː ɨ ɨː u uː a aː	
Itonama	iton1250	-12.80431	-64.35748	25	19	6	0	0	0	tʼ tʃʼ kʼ p t tʃ tʲ k ʔ b d s h m n j w ɾ l	i ɨ u e o a	
Jabutí	djeo1235	-12.038	-64.6694	24	14	10	0	4	0	p pˢ t tʃ k bˢ dʒ β h m n j w ɾ	i ĩ u ɛ ɛ̃ ə o õ a ã	
Jamamadí	jama1261	-7.62223	-66.5662	16	12	4	0	0	0	t k b d ɟ ɸ s h m n w ɾ	i e o a	
Japreria	japr1238	10.5523	-72.7101	20	14	6	0	0	0	p t tʃ k ʔ s ʃ h m n ʋ j ʀ ɾ	i ɨ u e o a	
Jaqaru	jaqa1244	-12.741939	-75.809231	42	36	6	0	0	3	pʰ tʰ tʲʰ tsʰ ʈʰ cʰ kʰ qʰ pʼ tʼ tʼʲ tsʼ ʈʼ cʼ kʼ qʼ p t tʲ ts ʈ c k q s ç x m n ɲ ŋ j w ɾ l ʎ	i iː u uː a aː	
Jarawara	jama1261	-7.62223	-66.5662	19	11	8	0	0	4	b t ɟ k ɸ s h m n w ɾ	i iː ɯ ɯː e eː a aː	
Jauja-Huanca Quechua	jauj1238	-11.6747	-75.2786	22	16	6	0	0	3	p t tʃ ʈʂ k s ʃ h m n ɲ j w ɾ l ʎ	i iː u uː a aː	
Júma	juma1249	-7.27501	-64.0998	24	12	12	0	6	0	p t k ʔ g h m n ŋ j w ɾ	i ĩ ɨ ɨ̃ u ũ e ẽ o õ a ã	
Jurúna	juru1256	-10.9354	-53.3472	33	18	15	0	5	5	p b t d tʃ dʒ k ʔ s z ʃ h m n j w ɾ ɮ	i ĩ iː ɨ ɨ̃ ɨː u ũ uː e ẽ eː a ã aː	
Kaapor	urub1250	-2.46455	-46.2204	26	15	11	0	5	0	p t k kʷ ʔ s ʃ h m n ŋ ŋʷ j w ɾ	i ĩ ɨ u ũ e ẽ o õ a ã	
Kadiwéu	kadi1248	-19.7222	-57.582	31	23	8	0	0	4	p t tʃ k q b bː d dː dʒ g gː ɢ m mː n nː j jː w wː l lː	i iː e eː o oː a aː	
Kaingang	kain1272	-27.7671	-52.5394	26	12	14	0	5	0	p t k ʔ ɸ ʃ h m n ɲ ŋ ɾ	i ĩ ɨ u e o õ ə ə̃ ɛ ɔ æ̃ a ã	
Kaingáng, São Paulo	saop1235	-21.771882	-50.429849	27	13	14	0	5	0	p t tʃ k ɸ h m n ɲ ŋ j w ɾ	i ĩ ɨ ɨ̃ u e o õ ə ə̃ ɛ ɛ̃ ɔ a	
Kaiwá	kaiw1246	-24.589	-54.6815	26	14	12	0	6	0	p t dʒ k ʔ s ʃ h m ŋ ŋʷ j w ɾ	i ĩ ɨ ɨ̃ u ũ e ẽ o õ a ã	
Kakua	cacu1241	0.88778	-69.5659	26	21	5	0	0	0	b̰ d̰ g̰ p t tʃ k ʔ b d g f h m n ɲ j j̰ w w̰ l	i ɨ u e a	
Kamayurá	kama1373	-12.2661	-53.4651	26	14	12	0	6	0	p t k kʷ ʔ ts hʷ h m n ŋ j w ɾ	i ĩ ɨ ɨ̃ u ũ e ẽ o õ a ã	
Kanoé	kano1245	-12.1789	-64.5812	26	12	14	0	7	0	p t k ts β x m n ɲ j w ɾ	i ĩ ɨ ɨ̃ u ũ e ẽ o õ æ æ̃ a ã	
Karajá	kara1500	-11.1881	-50.3492	26	9	17	0	4	0	b d k ɗ θ h w ɾ l	i ĩ ɨ ɨ̘ u ɪ ʊ e ɘ o õ ə ə̃ ɛ ɔ a ã	
Karapanã	cara1272	0.06168	-69.6465	23	11	12	0	6	0	p t k b d g s h j w ɾ	i ĩ ɨ ɨ̃ u ũ e ẽ o õ a ã	
Karirí-Xocó (Dzubukuá dialect)	kari1255	-9.84999	-36.3333	21	14	7	0	0	0	p t ts k b d dz g h m n ɲ ɾ l	i ɨ u e o œ a	
Karitiâna	kari1311	-9.37937	-64.1522	31	11	20	0	10	10	p t k s h m n ɲ ŋ w ɾ	i ĩ iː ĩː ɨ ɨ̃ ɨː ɨ̃ː e ẽ eː ẽː o õ oː õː a ã aː ãː	
Karo	karo1305	-10.3342	-61.5691	25	14	11	0	4	0	p t c k ʔ b g h m n ŋ j w ɾ	i ĩ ɨ u e ẽ ə o õ a ã	
Katukína	nucl1668	-8.19121	-70.3822	20	12	8	0	0	4	p t tʃ k b d dʒ h m n ɲ l	i iː ɯ ɯː u uː a aː	
Katukína (Panoan)	pano1254	-7.97456	-71.56151	19	15	4	0	0	0	p t k ts tʃ β s ʃ ʂ h m n j w ɾ	i ɨ u a	
Kawesqar	qawa1238	-49.303195	-74.707536	25	19	6	0	0	0	pʼ tʼ tʃʼ kʼ p t tʃ k q f s h m n j w r ɾ l	i u e o æ a	
Kaxararí	kaxa1239	-9.47288	-66.3329	20	15	5	0	0	0	p t k ts tʃ β s ʃ ʂ h m n w ɾ l	i ɨ u o a	
Kaxuiâna	kaxu1237	2.17138	-55.9101	18	12	6	0	0	0	p t tʃ k ʔ s h m n j w ɾ	i ɨ u e o a	
Kayabí	kaya1329	-11.2747	-55.5479	26	14	12	0	6	0	p t k kʷ ʔ g ɸ s m n ŋ j w ɾ	i ĩ ɨ ɨ̃ u ũ e ẽ o õ a ã	
Kinikinao	guan1270	-19.1667	-54.0333	23	13	10	0	5	0	p t k ʔ s ʃ h m n j w ɾ l	i ĩ u ũ e ẽ o õ a ã	
Kithaulhu	sout2994	-14.3707	-59.5187	31	13	18	0	8	0	p t k ʔ ɗ β s h m n j w l	i ĩ ḭ ḭ̃ u ũ ṵ ṵ̃ e ẽ ḛ ḛ̃ o o̰ a ã a̰ ã̰	
Kogi	cogu1240	10.9485	-73.8043	36	24	12	0	5	0	p b bː t tː d dː k kː g gː ʔ s z ʃ ʒ x h m n ŋ j w l	i ĩ ɨ ɨ̃ u ũ e ẽ ə o a ã	
Kokama-Kokamilla	coca1259	-4.5	-74.0	16	11	5	0	0	0	p t k ts tʃ x m n j w ɾ	i ɨ u e a	
Koreguaje	kore1283	0.92316	-75.3475	30	18	12	0	6	0	pʰ tʰ kʰ p t dʒ k ʔ ɸ β s h m̥ m n ɲ ɲ̊ ɾ	i ĩ ɨ ɨ̃ u ũ e ẽ o õ a ã	
Korubo	koru1247	-5.3655	-70.5094	20	14	6	0	0	0	p t k kʷ ts tʃ β s ʃ m n j w ɬ	i ɨ u e o a	
Kotiria	guan1269	1.07554	-69.5705	20	14	6	0	0	0	pʰ tʰ kʰ p t tʃ k b d g s h j w	i ɨ u e o a	
Krahô	krah1246	-8.01172	-47.5774	46	12	34	0	14	17	kʰ p t k ts h m n ŋ j w l	i ĩ iː ĩː ɯ ɯ̃ ɯː ɯ̃ː u ũ uː ũː e eː ɤ ɤː o oː ɛ ɛ̃ ɛː ɛ̃ː ʌ ʌ̃ ʌː ʌ̃ː ɔ ɔ̃ ɔː ɔ̃ː a ã aː ãː	
Krenak	kren1239	-18.9988	-41.2299	35	22	13	0	5	0	p b t d tʃ dʒ k g ʔ ʒ h m̥ m n̥ n ɲ ɲ̊ ŋ ŋ̊ j w ɾ	i ĩ ɨ u ũ o ə ɛ ɛ̃ ɔ ɔ̃ a ã	
Krinkati-Timbira	krik1239	-5.94252	-46.7504	26	11	15	0	6	0	kʰ p t tʃ k h m n j w ɾ	i ĩ ɨ ɨ̃ u ũ e o ə ɛ ɛ̃ ɔ ɔ̃ a ã	
Kubeo	cube1242	1.32382	-70.1939	17	11	6	0	0	0	p t tʃ k b d h ɹ̪ j w ɾ	i ɨ u e o a	
Kuikúro-Kalapálo	kuik1246	-12.3035	-53.2261	26	14	12	0	6	0	p t k dʲ ts s ɣ h m n ɲ ŋ w l	i ĩ ɨ ɨ̃ u ũ e ẽ o õ a ã	
Kulina	culi1244	-8.55268	-70.6648	21	17	4	0	0	0	pʰ tʰ tsʰ kʰ p t ts k ʔ b d dz h m n w ɾ	i e o a	
Kunza	kunz1244	-23.0	-69.0	33	23	10	0	0	5	pʼ tʼ tʃʼ kʼ qʼ p b t k q ʔ ts tʃ s x ɣ χ h m n j ɾ l	i iː u uː e eː o oː a aː	
Kuruáya	kuru1309	-3.09561	-52.2303	28	18	10	0	4	0	p t tʃ k ʔ b d dʒ ð s ʃ h m n ŋ j w ɾ	i ĩ ɨ e ẽ o õ ɔ a ã	
Kwaza	kwaz1243	-11.6667	-61.1833	35	19	16	0	8	0	p t t̺ k ʔ ɓ ɗ ts tʃ s s̺ h m n ɲ j w ɾ l	i ĩ ɨ ɨ̃ u ũ e ẽ o õ ɛ ɛ̃ œ œ̃ a ã	
Latunde	latu1238	-12.608792	-60.422423	28	12	16	0	6	0	p t k ʔ β s h m n j w l	i ĩ ḭ ḭ̃ u ũ ṵ ṵ̃ e ḛ o o̰ a ã a̰ ã̰	
Leco	leco1242	-15.0092	-67.8818	30	24	6	0	0	0	pʰ tʰ kʰ pʼ tʼ tʃʼ kʼ p b t d k ts tʃ s z h m n ŋ j w ɾ l	i ɨ u e o a	
Lokono	araw1276	5.64295	-56.9243	27	17	10	0	0	5	tʰ kʰ t k b d ɸ s ʃ h m n j w ɾ ɽ l	i iː ɨ ɨː e eː o oː a aː	
Lule	olub1238	4.6242	31.9103	21	16	5	0	0	0	pʼ tʼ kʼ p t k ʔ ts s x m n j w ɬ l	i u e o a	
Macaguán	maca1259	6.34582	-71.2671	22	16	6	0	0	0	pʰ tʰ kʰ p t k b ts s h m n j w ɾ ɭ	i ɯ u e o a	
Macuna	macu1260	-0.14459	-70.0749	22	10	12	0	6	0	t k b d g s h j w ɾ	i ĩ ɨ ɨ̃ u ũ e ẽ o õ a ã	
Macushi	macu1259	4.31861	-60.2209	22	10	12	0	0	6	p t k ʔ s m n j w ɾ	i iː ɨ ɨː u uː e eː o oː a aː	
Máíhɨki	orej1242	-2.86315	-72.4926	20	14	6	0	0	0	p t tʃ k kʷ b d dʒ g gʷ s h j w	i ɨ u e o a	
Maka	maca1260	-25.0119	-57.3694	32	22	10	0	0	5	pʼ tʼ tsʼ kʼ qʼ p t ts k q ʔ f s x χ h m n j w ɬ l	i iː u uː e eː o oː a aː	
Mako	maco1239	4.5621	-66.5813	34	22	12	0	6	0	pʰ tʰ ˀb ˀd ˀdʒ p t ts tʃ k kʷ ʔ b d dʒ hʷ h m n w ˀw l	i ĩ ɨ ɨ̃ u ũ e ẽ o õ a ã	
Makuráp	maku1278	-11.8701	-64.3201	20	10	10	0	5	0	p t tʃ k m n ŋ j w ɾ	i ĩ ɨ ɨ̃ e ẽ o õ a ã	
Mamaindé	mama1278	-12.986439	-60.101072	34	14	20	0	10	0	pʰ tʰ kʰ p t k ʔ s h m n j w l	i ĩ ḭ ḭ̃ u ũ ṵ ṵ̃ e ẽ ḛ ḛ̃ o õ̰ o̰ õ a ã a̰ ã̰	
Manchinere	mach1268	-10.661655	-70.208108	18	13	5	0	0	0	p t k ts tʃ s ʃ h m n j w ɾ	i ɨ e o a	
Mapoyo	mapo1246	5.96952	-67.2581	19	12	7	0	0	0	p t k ʔ s h m n ɲ j w ɾ	i ɨ u e ə o a	
Mapudungun	mapu1245	-38.7392	-71.277	27	21	6	0	0	0	p t̪ t tʃ ʈʂ k f θ s ʐ ɣ m n̪ n ɲ ŋ j w l̪ l ʎ	i ɨ u e o a	
Matís	mati1255	-4.3553	-70.2079	21	15	6	0	0	0	p t k b d ts tʃ ʈʂ s ʃ ʂ m n j w	i ɨ u e o a	
Matsés	mats1244	-5.73914	-72.6281	21	15	6	0	0	0	p t k b d ts tʃ ʈʂ s ʃ ʂ m n j w	i ɨ ɯ e ɤ a	
Matsigenka	mach1267	-12.1291	-72.5017	27	18	8	1	0	4	p t tʲ k kʲ g ts tʃ β s ʃ m n ɲ ɴ j ɾ ɾʲ	i iː e eː o oː a aː	ɨi
Mawayana	mawa1271	1.98815	-58.5046	27	15	12	0	6	0	t tʃ k ɓ ɗ ʄ ɸ s ʃ ʂ m n j w ɾ	i ĩ ɨ ɨ̃ u ũ e ẽ o õ a ã	
Maxakalí	maxa1247	-16.9402	-40.7891	20	10	10	0	5	0	p t k ʔ ç h m n ɲ ŋ	i ĩ ɯ ɯ̃ e ẽ o õ a ã	
Mbyá	mbya1239	-26.0188	-52.711	26	14	12	0	6	0	p t tʃ k kʷ ʔ h m n ɲ ŋ ŋʷ w ɾ	i ĩ ɨ ɨ̃ u ũ e ẽ o õ a ã	
Mebengokre	kaya1330	-7.77352	-51.6737	33	16	17	0	7	0	p t tʃ k ʔ b d dʒ g m n ɲ ŋ j w ɾ	i ĩ ɯ ɯ̃ u ũ e ẽ ɤ o õ ɛ ʌ ʌ̃ ɔ a ã	
Mehináku	mehi1240	-12.5364	-53.521	23	13	10	0	5	0	p t k ts tʃ ʂ h m n j w ɾ l	i ĩ ɨ ɨ̃ u ũ e ẽ a ã	
Miraña	bora1263	-2.000259	-72.257066	31	17	12	2	0	7	p t ts tʃ k ʔ b d dz dʒ g gʷ β h m n ɾ	i iː ɨ ɨː ɯ ɯː ɛ ɛː o oː a aː	aĭ aːĭ
Mochica	moch1259	-8.01667	-79.0	30	20	10	0	0	4	p t d c k ts tʃ f s ʃ ʂ m n ɲ ŋ j r ɬ l ʎ	i iː ɨ u uː e o oː a aː	
Mocoví	moco1246	-28.097	-60.4145	29	21	8	0	0	4	p t tʃ k q ʔ d dʒ s ʃ ɣ ʁ h m n ɲ j w ɾ l ʎ	i iː e eː o oː a aː	
Mosetén de Covendo	mose1249	-14.64448	-67.83756	39	23	16	0	8	6	pʰ tʃʰ kʰ p t tʲ k ʔ b d dʲ ts tʃ f s ʃ h m n ɲ ʋ j ɾ	i ĩ iː ĩː e ẽ eː ẽː ə ə̃ əː ə̃ː o õ a ã	
Mosetén de Santa Ana	mose1249	-14.64448	-67.83756	41	23	18	0	9	6	pʰ tʃʰ kʰ p t tʲ k ʔ b d dʲ ts tʃ f s ʃ h m n ɲ ʋ j ɾ	i ĩ iː ĩː ɨ ɨ̃ e ẽ eː ẽː ə ə̃ əː ə̃ː o õ a ã	
Movima	movi1243	-13.8115	-65.6348	29	19	10	0	0	5	p t tʃ k kʷ ʔ ɓ ɗ β s h m n j j̰ w ɾ ɬ l	i iː u uː e eː o oː a aː	
Muinane	muin1242	-0.8652	-72.4249	28	22	6	0	0	0	p b t d tʃ dʒ tʲ dʲ k g ʔ ɸ β s ʃ x m n ɲ j r ɾʲ	i ɨ u e o a	
Muisca	chib1270	6.24999	-74.1666	22	16	6	0	0	0	p t tʲ k kp ts β s ʃ ɣ h m n j w ɾ	i ɨ u e o a	
Mundurukú	mund1330	-8.41095	-57.691	37	17	20	0	10	0	p t tʃ k ʔ b d dʒ s ʃ h m n ŋ j w ɾ	i ĩ ḭ ḭ̃ e ẽ ḛ ḛ̃ ə ə̃ ə̰ ə̰̃ o õ̰ o̰ õ a ã a̰ ã̰	
Muniche	muni1258	-5.7441796	-76.426712	27	22	5	0	0	0	p t c k ʔ d g ts tʃ ʈʂ s ʃ ʂ ç h m n ɲ j w ɾ l	i ɨ u e a	
Muylaq' Aymara	cent2142	-17.0	-68.5	29	26	3	0	0	0	pʰ tʰ tʃʰ kʰ qʰ pʼ tʼ tʃʼ kʼ qʼ p t tʃ k q s x h m n ɲ j w ɾ l ʎ	i u a	
Mỹky	iran1263	-12.7178	-57.9806	38	17	21	0	7	7	p pʲ t tʲ k kʲ ʔ s ʃ h m mʲ n nʲ j w r	i ĩ iː ɨ ɨ̃ ɨː u ũ uː e ẽ eː ə ə̃ əː o õ oː a ã aː	
Nadëb	nade1244	-1.24449	-66.3068	34	17	17	0	7	0	p t k ʔ b d ɟ g ʃ h m n ɲ ŋ j w ɾ	i ĩ ɯ ɯ̃ u ũ e ɤ o ɛ ɛ̃ ʌ ʌ̃ ɔ ɔ̃ a ã	
Nanti	nant1250	-12.1018	-72.3507	27	18	8	1	0	4	p t tʲ k b g ts tʃ s ʃ h m n ɲ ɴ j ɾ ɾʲ	i iː e eː o oː a aː	ɨi
Napo Quichua	napo1242	-0.072525	-76.3889	23	20	3	0	0	0	p t k b d g ts tʃ ɸ s ʃ h m n ɲ j w ɾ l ʎ	i u a	
Nhandeva	chir1286	-25.6521	-55.051	29	17	12	0	6	0	p t k kʷ ʔ dʒ g gʷ ⁿb ⁿd ⁿg ts tʃ j ɰ w ɾ	i ĩ ɨ ɨ̃ u ũ ɛ ɛ̃ ɔ ɔ̃ a ã	
Nheengatú	nhen1239	1.04503	-66.9646	23	19	4	0	0	0	p t c k kʷ ʔ b g ⁿb ⁿd ⁿg s ʃ m n j j̃ w ɾ	i u e a	
Ninam of Ericó	nina1238	4.03894	-62.7801	38	13	25	0	12	12	tʰ p t tʃ k s ʃ h m n j w ɾ	i ĩ iː ĩː ɨ u ũ uː ũː e ẽ eː ẽː ə ə̃ əː ə̃ː o õ oː õː a ã aː ãː	
Nomatsigenga	noma1263	-11.5349	-74.4371	25	16	8	1	0	4	p t k b g ts tʃ s ʃ h m n ŋ ɴ j ɾ	i iː e eː o oː a aː	ɨi
Nonuya	nonu1241	-1.25	-72.5	26	20	6	0	0	0	p b t d tʲ k g ʔ ts dz tʃ dʒ ɸ β ʃ h m n ɲ ɾ	i ɨ u e o a	
North Junín Quechua (San Pedro de Cajas dialect)	nort2980	-11.2132	-75.8128	25	19	6	0	0	3	p t tʃ ʈʂ k g s ʃ x χ m n ɲ ŋ j w ɾ l ʎ	i iː u uː a aː	
North Junín Quechua (Tarma dialect)	nort2980	-11.2132	-75.8128	25	19	6	0	0	3	p t tʃ ʈʂ k b g s ʃ x m n ɲ ŋ j w ɾ l ʎ	i iː u uː a aː	
Northern Emberá	nort2972	7.12761	-77.574	32	20	12	0	6	0	kʰ p t k b d g ɓ ɗ ɠ ts tʃ s h m n j w r ɾ	i ĩ ɯ ɯ̃ u ũ e ẽ o õ a ã	
Nukak	nuka1242	2.65939	-71.4629	24	12	12	0	6	0	p t c k ʔ b d ɟ g h w ɾ	i ĩ ɨ ɨ̃ u ũ ɛ ɛ̃ ʌ ʌ̃ a ã	
Nukini	nuku1263	-7.339	-73.5044	20	14	6	0	3	0	p b t k f v s x m n ŋ j w ɾ	i ĩ u ũ a ã	
Ocaina	ocai1244	-2.159	-72.1422	35	26	9	0	4	0	p b t tʲ dʲ k g ʔ ts dz tʃ dʒ ɸ β s ʃ ʒ x h m mː n nː ɲ ɲː ɾ	i ĩ ɨ ɨ̃ e o õ a ã	
Ofayé	ofay1240	-22.278	-53.7227	24	14	10	0	4	0	t tʃ k kʷ ʔ d dʒ g ʃ h n j w ɾ	i ĩ e ẽ o õ ə ɛ a ã	
Omagua	omag1248	-3.526	-69.1667	18	13	5	0	0	0	p t k kʷ ts tʃ s ʃ m n j w ɾ	i ɨ u ɪ a	
Omurano	omur1241	-4.816667	-75.4	20	10	10	0	5	0	p t tʃ b m n ɲ j ɾ l	i ĩ u ũ e ẽ o õ a ã	
Oro Win	orow1243	-10.737	-64.0299	16	11	5	0	0	0	p t k ʔ ɸ s m n j w ɾ	i ʏ e o a	
Pacahuara	paca1246	-11.9968	-65.5568	20	16	4	0	0	0	p t k ʔ ts tʃ β s ʃ ʂ h m n j w ɾ	i ɨ o a	
Páez	paez1247	2.61516	-76.31254	59	35	24	0	12	8	pʰ tʰ tʲʰ tsʰ tsʲʰ kʰ p pʲ t tʲ ts tsʲ k kʲ ⁿp ⁿpʲ ⁿɸʲ ⁿt ⁿtʲ ⁿs ⁿsʲ ⁿk ɸʲ s sʲ x xʲ m nʰ n nʲ j w l lʲ	i ĩ ḭ ḭ̃ iː ĩː u ũ ṵ ṵ̃ uː ũː e ẽ ḛ ḛ̃ eː ẽː a ã a̰ ã̰ aː ãː	
Pai Tavytera	pait1247	-23.15945	-56.11758	27	15	12	0	6	0	p t k kʷ ʔ s ʃ h m n ɲ ŋ ŋʷ w ɾ	i ĩ ɨ ɨ̃ u ũ e ẽ o õ a ã	
Palikúr	pali1279	3.63993	-51.6246	23	13	10	0	5	0	p t k b d g s ʃ h m n j w	i ĩ u ũ e ẽ o õ a ã	
Panará	pana1307	-10.58	-53.0	26	11	15	0	6	0	p t k ʔ s h m n j w ɾ	i ĩ ɨ ɨ̃ u ũ e ẽ o õ ə ɛ ɔ a ã	
Panare	enap1235	6.95035	-65.8483	20	13	7	0	0	0	p t tʃ tʲ k ʔ s m n ɲ j w ɾ	i ɨ u e ə o a	
Panobo	pano1255	-7.16666	-75.0	18	14	4	0	0	0	p t k b ts s ʃ ʂ x m n j w ɾ	i ɨ u a	
Paraguayan Guaraní	para1311	-25.60551	-57.08816	30	18	12	0	6	0	p t dʒ k kʷ ʔ ⁿb ⁿd ⁿg ⁿgʷ s ʃ x ɣ ɣʷ ʋ ɾ l	i ĩ ɨ ɨ̃ u ũ e ẽ o õ a ã	
Parakanã	para1312	-4.64681	-50.0621	17	12	5	0	0	0	p t tʃ k kʷ ʔ β h m n ŋ ɾ	i ɨ e o a	
Paraujano	para1316	10.8427	-71.8399	25	13	12	0	0	6	p t tʃ k ʃ h m n ɲ j w ɾ l	i iː ɨ ɨː u uː e eː o oː a aː	
Paresí	pare1272	-14.5929	-57.4059	18	14	4	0	0	0	b t tʲ k kʷ ts θ h m n j w ɾ l	i e o a	
Parkateje				26	10	16	0	6	0	p t k ʔ h m n j w ɾ	i ĩ ɨ ɨ̃ u ũ e ẽ o õ ə ə̃ ɛ ɜ ɔ a	
Paumarí	paum1247	-5.78403	-64.2803	28	22	6	0	0	3	tʰ kʰ p b t d tʃ dʒ k g ʔ ɓ ɗ ɸ β s ʃ h m n ɾ ɽ	i iː o oː a aː	
Pemon (Arekuna dialect)	pemo1248	4.97031	-61.4033	17	10	7	0	0	0	p t k ʔ s m n j w ɾ	i ɯ u e ɤ o a	
Pemon (Tarepang dialect)	pemo1248	4.97031	-61.4033	21	10	11	0	0	5	p t k ʔ s m n j w ɾ	i iː u uː e eː ə o oː a aː	
Pémono	pemo1245	5.248	-66.082	19	12	7	0	0	0	p t k ʔ s h m n ɲ j w ɾ	i ɨ u e ə o a	
Piapoco	piap1246	4.37718	-68.5953	19	15	4	0	0	0	p t k ʔ b d ts β s h m n j ɾ ɺ	i u e a	
Piaroa	piar1243	4.41805	-67.7574	30	23	7	0	0	0	pʰ tʰ kʰ pʼ tʼ tsʼ kʼ kʼʷ p t k kʷ ʔ b d s hʷ h m n j w ɾ	i ɨ u e ɤ æ ɑ	
Pilagá	pila1245	-25.0058	-60.1537	22	18	4	0	0	0	p t tʃ k q ʔ d g s h m n ɲ j w ʕ l ʎ	i e o a	
Pirahã	pira1253	-6.77713	-61.8167	11	8	3	0	0	0	p t k ʔ b g s h	i o a	
Piratapuyo	pira1254	0.50714	-69.5032	22	10	12	0	6	0	p t k b d g s h j w	i ĩ ɨ ɨ̃ u ũ e ẽ o õ a ã	
Pisamira				17	11	6	0	0	0	p t tʃ k b d g β ʝ h ɰ	i ɨ u e o a	
Poyanáwa	poya1241	-7.46909	-73.0758	21	14	7	0	3	0	p t k b d ts tʃ β s ʃ h j w ɾ	i ĩ ɨ u ũ a ã	
Puinave	puin1248	3.92974	-67.6886	19	8	11	0	4	0	p t k ʔ s h m n	i ĩ ɯ u e ɤ ɤ̃ o õ a ã	
Pumé	pume1238	7.10677	-67.5996	38	23	15	0	6	0	pʰ tʰ tʃʰ kʰ p t tʃ k ʔ b d dʒ g β ɣ h m n ɲ ŋ j ɾ ɾ̃	i ĩ ɯ ɯ̃ u ũ e ɤ o ɛ ɛ̃ ɔ ɔ̃ a ã	
Puri	puri1262	-22.175627	-44.711336	18	12	6	0	0	0	p t tʃ k b ⁿp ʃ m n ɲ j ɾ	i ɨ u e o a	
Resígaro	resi1247	-1.169535	-71.60524	37	32	5	0	0	0	pʰ tʰ tsʰ tʃʰ kʰ p b t d ts dz tʃ dʒ tʲ dʲ k g ʔ ɸ β s ʃ ʒ x h m̥ m n̥ n ɲ ɲ̊ ɾ	i u e o a	
Reyesano	reye1240	-14.8333	-67.0833	22	18	4	0	0	0	p t ʈʂ tɕ k kʷ ⁿb ⁿɖʐ ð s ɕ h m n j w ɾ l	i ʊ e a	
Rikbaktsa	rikb1245	-11.1887	-58.1942	28	14	14	0	7	0	p t tʃ k b d ʃ h m n j w ɾ ɽ	i ĩ ɨ ɨ̃ u ũ e ẽ ə ə̃ o õ a ã	
Sabanê	saba1268	-12.9857	-60.335	16	11	5	0	0	0	p t k ʔ ɓ ɗ s h m n l	i u e o a	
Sakirabiá	saki1248	-13.054	-62.0927	26	16	10	0	5	0	p t k kʷ g ts β s h m n ɲ ŋ ŋʷ j ɾ	i ĩ ɨ ɨ̃ u ũ e ẽ a ã	
Salasca Quechua	sala1272	-1.35447	-78.3953	26	23	3	0	0	0	pʰ tʰ kʰ p b t d k g ts tʃ s z ʃ ʒ x m n ɲ j w ɾ l	i u a	
Sáliba	sali1298	5.30115	-69.3843	30	20	10	0	5	0	p t c k kʷ b d ɟ g gʷ ɸ s x hʷ h m n ɲ ɾ l	i ĩ u ũ e ẽ o õ a ã	
San Martin Quechua	sanm1289	-6.9582	-76.6608	18	15	3	0	0	0	p t tʃ k dʒ s ʃ x m n ɲ j w ɾ l	i u a	
Sanömá of Kolulu	sanu1240	4.5	-64.5	38	10	28	0	14	14	tʰ p t k s h m n w l	i ĩ iː ĩː ɨ ɨ̃ ɨː ɨ̃ː u ũ uː ũː e ẽ eː ẽː ə ə̃ əː ə̃ː o õ oː õː a ã aː ãː	
Santiago del Estero Quechua	sant1432	-27.821	-63.2466	25	20	5	0	0	0	p t tʃ k g q ɢ ɸ s ʃ ʒ x χ m n ɲ j w ɾ l	i u e o a	
Sanumá	sanu1240	4.5	-64.5	24	11	13	0	6	0	tʰ p t k ts s h m n w l	i ĩ ɨ ɨ̃ u ũ e ẽ ə o õ a ã	
Sápara	zapa1253	-1.99871	-76.364	22	18	4	0	0	0	p t k kʲ kʷ ts tʃ s ʃ hʷ h m mʲ n ɲ j w ɾ	i ɨ u a	
Sateré-Mawé	sate1243	-3.63897	-56.8749	27	12	15	0	4	5	p t k ʔ s h m n ŋ j w ɾ	i ĩ iː ɨ ɨː u ũ uː e ẽ eː o a ã aː	
Saynawa	sian1254	-0.38398	114.693	17	13	4	0	0	0	p t k b ts tʃ s ʃ h m n j ɾ	i u ə a	
Secoya del Aguarico	seco1241	-0.459785	-75.5547	24	12	12	0	6	0	p t d k kʷ ʔ s z h m j w	i ĩ ɨ ɨ̃ u ũ e ẽ o õ a ã	
Secoya del Putumayo	seco1241	-0.459785	-75.5547	23	11	12	0	6	0	p t k kʷ ʔ d dʒ ts h m w	i ĩ ɨ ɨ̃ u ũ e ẽ o õ a ã	
Selk'nam	onaa1245	-54.0	-68.5	26	23	3	0	0	0	pʼ tʼ tʃʼ kʼ qʼ p t tʃ k q ʔ s̪ s ʃ ʂ x h m n j w ɾ l	ɪ ʊ a	
Shanenawa	shal1242	9.87556	9.64988	18	14	4	0	0	0	p t k ts tʃ f s ʂ h m n j w ɾ	i ɨ u a	
Sharanawa	shar1245	-9.8626	-71.1232	23	15	8	0	4	0	p t k ts tʃ ɸ s ʃ ʂ h m n j w ɾ	i ĩ ɨ ɨ̃ u ũ a ã	
Shawi	chay1248	-5.63764	-76.8252	18	14	4	0	0	0	p t tʃ k ʔ β s ʃ h m n j w ɾ	i ɨ u a	
Shipibo	ship1254	-7.17105	-74.8219	24	16	8	0	0	4	p t k bβ ɖʐ ts tʃ β s ʃ ʂ h m n j w	i iː ɨ ɨː ʊ ʊː a aː	
Shiwilu	jebe1250	-5.40317	-76.4103	21	17	4	0	0	0	p t tʃ k ʔ s ʃ m n ɲ ɹ̪ j w ɾ ˀɾ l ʎ	i u ə a	
Shuar	shua1257	-3.45136	-78.1892	21	13	8	0	4	0	p t k ts tʃ s ʃ h m n j w ɾ	i ĩ ɨ ɨ̃ u ũ a ã	
Siona	sion1247	0.31733	-76.0237	30	18	12	0	6	0	p b t d tʃ k g kʷ gʷ ʔ s z hʷ h m n j w	i ĩ ɨ ɨ̃ u ũ e ẽ o õ a ã	
Siriano	siri1274	0.436515	-70.184	23	11	12	0	6	0	p t k b d g s h j w ɾ	i ĩ ɨ ɨ̃ u ũ e ẽ o õ a ã	
Sirionó	siri1273	-15.5298	-63.9688	19	13	6	0	0	0	t tʃ kʲ k β s h m n ɲ j w ɾ	i ɨ u e o a	
Suruahá	suru1263	-6.82525	-66.3146	23	18	5	0	0	0	b t d dʒ tʲ dʲ k g s z ʃ h m n nʲ w ɾ ɾʲ	i ɨ ɛ o a	
Suruí	suru1262	-11.0989	-61.2818	29	19	10	0	5	0	p t tʃ k ʔ b d dʒ g s ʃ m n ɲ ŋ j w ɾ l	i ĩ ɨ ɨ̃ e ẽ o õ a ã	
Suyá	suya1243	-11.5178	-53.0743	28	13	15	0	6	0	p t tʃ k dʒ s ɣ m n ɲ ŋ w ɾ	i ĩ ɨ ɨ̃ u ũ e ẽ o õ ə ɛ ɔ a ã	
Tacana	taca1256	-13.39249	-68.04056	22	18	4	0	0	0	p t tʃ ʈʂ k kʷ b d ɖ ð ʃ ʂ h m n j w ɾ	i u e a	
Tanimuca-Retuarã	tani1257	-0.59023	-70.3853	21	11	10	0	5	0	p t k ʔ b d s h j w ɾ	i ĩ u ũ e ẽ o õ a ã	
Tapayuna	suya1243	-11.5178	-53.0743	31	15	16	0	6	0	t tʷ tʃ ʈ k kʷ h hʷ m n ɲ ŋ j w ɾ	i ĩ ɨ ɨ̃ u ũ e ẽ o õ ə ɛ ʌ ɔ a ã	
Tapieté	tapi1253	-21.4169	-62.684	27	15	12	0	6	0	p t tʃ k kʷ ʔ dʒ ⁿb ⁿd ⁿg s ʃ h w ɾ	i ĩ ɨ ɨ̃ u ũ e ẽ o õ a ã	
Tapirapé	tapi1254	-10.5373	-50.5438	23	13	10	0	5	0	p t tʃ k kʷ ʔ h m n ŋ j w ɾ	i ĩ ɨ ɨ̃ e ẽ o õ a ã	
Tariana	tari1256	0.440205	-68.9042	38	23	15	0	5	4	pʰ tʰ dʰ kʰ p b t d tʃ k s h mʰ m nʰ n ɲʰ ɲ j wʰ w ɾ l	i ĩ iː ɨ u ũ uː e ẽ eː o õ a ã aː	
Tatuyo	tatu1247	0.55582	-70.5327	17	11	6	0	0	0	p t c k b d g h j w ɾ	i ɨ u e o a	
Taushiro	taus1253	-3.22497	-75.5603	26	13	13	0	6	0	t cç k kʷ ʔ ç x h n ŋ j w ɾ	i ĩ ɨ ɨ̃ u ũ e ẽ o o õ a ã	
Tehuelche	tehu1242	-47.5796	-68.3235	31	25	6	0	0	3	pʼ tʼ tʃʼ kʼ qʼ p t tʃ k q ʔ b d g ɢ s ʃ x χ m n j w ɾ l	e eː o oː a aː	
Tembé	temb1276	-2.6123	-48.2359	21	14	7	0	0	0	p t k kʷ ʔ d s h m n ŋ ŋʷ w ɾ	i ɨ u e ə o a	
Tena Quechua	tena1240	-0.76271	-77.5404	23	20	3	0	0	0	p b t d k g ts tʃ s z ʃ x m n ɲ j w ɾ l ʎ	i u a	
Tenharim	tenh1241	-7.92626	-61.936	26	14	12	0	6	0	p t tʃ k kʷ ʔ β h m n ɲ ŋ ŋʷ ɾ	i ĩ ɨ ɨ̃ u ũ e ẽ o õ a ã	
Terêna	tere1279	-20.6614	-56.0329	23	13	10	0	0	5	p t k ʔ s ʃ h m n j w ɾ l	i iː u uː ɛ ɛː o oː a aː	
Ticuna of Cushillococha	ticu1245	-3.66289	-69.8723	30	12	18	0	0	6	p t tʃ k kʷ ʔ b d ɟ g w ɾ	i ḭ iː ɨ ɨ̰ ɨː u ṵ uː e ḛ eː o o̰ oː a a̰ aː	
Ticuna of San Martín de Amacayacu	ticu1245	-3.66289	-69.8723	22	10	12	0	6	0	p t tʃ k b d ɟ g w ɾ	i ĩ ɯ ɯ̃ u ũ e ẽ o õ a ã	
Tinigua	tini1245	2.716	-73.768	40	22	18	0	0	6	pʰ tʰ kʰ p b t d c ɟ k g kʷ ts tʃ ɸ s z h m n ɲ w	i ḭ iː ɨ ɨ̰ ɨː u ṵ uː e ḛ eː o o̰ oː a a̰ aː	
Toba (Lañagashik dialect)	toba1269	-23.77	-61.96	26	18	8	0	0	4	p t tʃ k ʔ dʒ g s ʃ h m n ɲ j w ɾ l ʎ	i iː e eː o oː a aː	
Toba (Takshek dialect)	toba1269	-23.77	-61.96	28	20	8	0	0	4	p t tʃ k g q ʔ s ʃ ʒ ʁ h m n ɲ j w ɾ l ʎ	i iː e eː o oː a aː	
Trinitario	trin1274	-15.3331	-65.4096	30	18	12	0	0	6	p t tʲ c k ʔ ts tʃ β s ç x m n ɲ j w ɾ	i iː u uː e eː o oː æ æː a aː	
Trió	trio1238	2.53616	-55.7599	24	10	14	0	0	7	p t k s h m n j w ɾ	i iː ɨ ɨː u uː e eː ə əː o oː a aː	
Trumai	trum1247	-11.8119	-53.5717	29	23	6	0	0	0	t̪ʼ tʼ tsʼ kʼ p t̪ t d ts k ʔ ɸ s ʃ x h m n j w ɾ ɬ l	i ɨ u e o a	
Tsáfiki	colo1256	-0.21181	-79.2347	26	16	10	0	5	0	p t k ʔ b d ts β s h m n j w ɾ l	i ĩ u ũ e ẽ o õ a ã	
Tsimané	mose1249	-14.64448	-67.83756	41	23	18	0	9	6	pʰ tʃʰ kʰ p t tʲ k ʔ b d dʲ ts tʃ f s ʃ h m n ɲ ʋ j ɾ	i ĩ iː ĩː ɨ ɨ̃ e ẽ eː ẽː ə ə̃ əː ə̃ː o õ a ã	
Tucano	tuca1252	0.579755	-69.5763	17	11	6	0	0	0	p t k ʔ b d g s h j w	i ɨ u e o a	
Tunebo (Central dialect)	cent2150	6.8867	-72.097	19	14	5	0	0	0	b t k kʷ ʔ s ʃ h m n j w w̃ ɾ	i u e o a	
Tuparí	tupa1250	-11.8884	-62.2544	29	14	15	0	5	5	p t tʃ k ʔ b s h m n ŋ j w ɾ	i ĩ iː ɨ ɨ̃ ɨː e ẽ eː o õ oː a ã aː	
Tupinambá	tupi1273	-22.807778	-42.106389	25	13	12	0	6	0	p t k ʔ b s ʃ m n ɲ j w ɾ	i ĩ ɨ ɨ̃ u ũ e ẽ o õ a ã	
Tuyuca	tuyu1244	0.39441	-70.043515	17	11	6	0	0	0	p t k b d g s h j w ɾ	i ɨ u e o a	
Umotína	umot1240	-15.5929	-57.4192	20	12	8	0	0	0	p t k z ʃ ʒ m n j w ɾ l	i ɨ u e o ɛ ɔ a	
Urarina	urar1246	-4.44006	-75.4211	36	16	20	0	10	10	t tɕ k kʷ b d s ʃ hʲ fʷ h m n ɲ ɽ l	i ĩ iː ĩː ɨ ɨ̃ ɨː ɨ̃ː u ũ uː ũː e ẽ eː ẽː a ã aː ãː	
Uru	uruu1244	-16.72547	-68.97119	35	25	10	0	0	5	pʰ tʰ kʰ qʰ pʼ tʼ kʼ qʼ p t tʷ k kʷ q ts tʃ s x h m n j w l ʎ	i iː u uː e eː o oː a aː	
Uru-Eu-Wau-Wau	urue1240	-10.9176	-63.8086	26	14	12	0	6	0	p t tʃ k kʷ ʔ β h m n ɲ ŋ ŋʷ ɾ	i ĩ ɨ ɨ̃ u ũ e ẽ o õ a ã	
Vilela	vile1241	-27.4063	-58.9661	29	24	5	0	0	0	pʼ tʼ tʃʼ kʼ qʼ p b t d tʃ k g q ɢ ʔ s h m n j w ɾ ɬ l	i u e o a	
Waimaha	waim1255	0.30416	-70.1644	22	10	12	0	6	0	p t k b d g h j w ɾ	i ĩ ɨ ɨ̃ u ũ e ẽ o õ a ã	
Waimiri-Atroarí	waim1253	-0.61832	-60.4259	27	16	11	0	0	4	p t tʃ ʔ b d dʒ s ʃ h m n ɲ j w ɾ	i ɨ ɨː u e eː o oː ɛ a aː	
Waiwai	waiw1244	1.50881	-59.1417	20	14	6	0	0	0	t tʃ k ɸ s ʃ h m n ɲ j w ɾ ɺ	i ɨ u e o a	
Waorani	waor1240	-1.12312	-76.683	32	12	20	0	10	10	p t k b d g m n ɲ ŋ j w	i ĩ iː ĩː e ẽ eː ẽː o õ oː õː æ æ̃ æː æ̃ː a ã aː ãː	
Wapichana	wapi1253	2.58744	-59.8021	22	18	4	0	0	0	p t tʃ k ʔ b d ɖ g s ʃ ʐ m n ɲ j w ɽ	i ɨ u a	
Warao	wara1303	7.50851	-59.3528	16	11	5	0	0	0	p t k kʷ s h m n j w ɾ	i u e o a	
Warekena	guar1293	1.80835	-66.922505	25	17	8	0	0	4	p t k b d dʒ g ts tʃ ʃ h m n ɲ j w ɺ	i iː u uː e eː a aː	
Wari'	wari1268	-10.69948	-64.56152	21	15	6	0	0	0	p t tʃ k kʷ ʔ hʷ h m m̰ n n̰ j w ɾ	i y e ø o a	
Waurá	waur1244	-13.296	-53.6971	26	16	10	0	5	0	p t tʲ k ts β s ʒ ɣ h n ɲ j w ɾ l	i ĩ ɨ ɨ̃ u ũ e ẽ a ã	
Wayampi (Alto Jarí dialect)	waya1270	1.73817	-52.6887	25	14	11	0	5	0	p t k kʷ ʔ s h m n ŋ ŋʷ j w ɾ	i ĩ ɨ ɨ̃ u ũ e ẽ o a ã	
Wayampi (Ampari dialect)	waya1270	1.73817	-52.6887	26	14	12	0	6	0	p t k kʷ ʔ β s m n ŋ ŋʷ j w ɾ	i ĩ ɨ ɨ̃ u ũ e ẽ o õ a ã	
Wayana	waya1269	2.77537	-54.4429	16	9	7	0	0	0	p t k h m n j w ɽ	i ɨ ɯ e ə ɤ a	
Wayoró	wayo1238	-12.6945	-61.3064	34	14	20	0	10	10	p t tʃ k kʷ g gʷ β m n ɲ ŋ ŋʷ ɾ	i ĩ iː ĩː ɨ ɨ̃ ɨː ɨ̃ː ɛ ɛ̃ ɛː ɛ̃ː o õ oː õː a ã aː ãː	
Wayúu	wayu1243	11.395566	-72.199791	27	15	12	0	0	6	p t tʃ k ʔ s ʃ h m n ɲ j w r ɺ	i iː ɨ ɨː u uː e eː o oː a aː	
Wichí (Mision la Paz dialect)	wich1262	-21.988	-63.5971	28	23	5	0	0	0	pʼ tʼ tsʼ kʼʲ kʼ p t ts kʲ k kʷ q qʷ s x xʷ h m n j w ɬ l	i u e o a	
Woun Meu	woun1238	8.5	-78.0	33	19	14	0	7	0	pʰ tʰ kʰ p t k ʔ b d g s ç h m n j w r ɾ	i ĩ ɯ ɯ̃ u ũ e ẽ ɤ ɤ̃ o õ a ã	
Xavánte	xava1240	-14.3017	-52.4367	24	11	13	0	4	0	p b t d ʔ s z ɣ j w ɾ	i ĩ ɨ u e ẽ o õ ə ɛ ɔ ɐ̃ a	
Xerénte	xere1240	-9.59426	-48.2629	27	13	14	0	5	0	p b t d k s z h m n j w ɾ	i ĩ ɨ u ũ e ẽ o õ ə ə̃ ɛ ɔ a	
Xetá	xeta1241	-24.9408	-52.2266	24	13	11	0	5	0	p t tʃ k ʔ dʒ h m n ŋ j w ɾ	i ĩ ɨ ɨ̃ u e ẽ o õ a ã	
Xipaya	xipa1240	-4.133	-49.948	23	14	9	0	4	0	p b t d k s z ʃ h m n j w l	i ĩ ɨ ɨ̃ u ũ e a ã	
Xiriâna	xiri1243	0.83868	-63.452927	24	19	5	0	0	0	p t c k ʔ b d ɟ ts ɸ s x h m n ɲ w ʀ ɾ	i ɨ u e a	
Xokleng	xokl1240	-26.9217	-49.5886	37	19	18	0	9	0	p t tʃ k kʷ ʔ ⁿb ⁿd ⁿdʒ ⁿg ⁿgʷ ð h m n ɲ ʋ j l	i ĩ ɨ ɨ̃ u ũ e ẽ o õ ə ə̃ ɛ ɛ̃ ɔ ɔ̃ a ã	
Yaathe	fuln1247	-9.02591	-37.1402	33	21	12	0	0	5	pʰ tʰ tʃʰ kʰ p t k d dʒ ts tʃ ɸ s ʃ h m n j w l ʎ	i iː u uː e eː o oː ɛ ɔ a aː	
Yabarana	yaba1248	5.32692	-66.276	18	11	7	0	0	0	p t k s h m n ɲ j w ɾ	i ɨ u e ə o a	
Yagua	yagu1244	-3.42913	-72.2186	23	11	12	0	6	0	p t tʃ k s h m n j w ɾ	i ĩ ɨ ɨ̃ u ũ e ẽ o õ a ã	
Yahgan	yama1264	-55.2748	-68.2648	21	15	6	0	0	0	p t tʃ ʈʂ k f s ʃ ʐ h m n j w l	i u e ə o a	
Yameo	yame1242	-4.16666	-73.6667	18	10	8	0	4	0	p t k s ʃ m n j w l	i ĩ e ẽ o õ a ã	
Yaminawa	yami1256	-9.8846	-71.5964	22	14	8	0	4	0	p t k ts tʃ ɸ s ʃ ʂ ʐ h m n j	ɪ ɪ̃ ɯ ɯ̃ o õ a ã	
Yánesha	yane1238	-10.5454	-75.315	33	24	9	0	0	3	p pʲ t tʲ k kʲ b bʲ g ts tʃ ʈʂ s ʃ ʐ x m mʲ n ɲ j w ɾ ʎ	i ḭ iː u ṵ uː a a̰ aː	
Yanomae of Demini/Tototopi	yano1262	2.48999	-62.8522	41	13	28	0	14	14	tʰ p t k s ʃ hʷ h m n j w ɾ	i ĩ iː ĩː ɨ ɨ̃ ɨː ɨ̃ː u ũ uː ũː e ẽ eː ẽː ə ə̃ əː ə̃ː o õ oː õː a ã aː ãː	
Yanomama of Papiu	yano1262	2.48999	-62.8522	40	12	28	0	14	14	tʰ p t k s ʃ h m n j w ɾ	i ĩ iː ĩː ɨ ɨ̃ ɨː ɨ̃ː u ũ uː ũː e ẽ eː ẽː ə ə̃ əː ə̃ː o õ oː õː a ã aː ãː	
Yanomámi	yano1262	2.48999	-62.8522	20	13	7	0	0	0	tʰ p t k f s ʃ h m n j w ɾ	i ɨ u e ə o a	
Yanomamɨ of Parawau	yano1261	1.67967	-64.8781	39	11	28	0	14	14	p t k s ʃ h m n j w ɾ	i ĩ iː ĩː ɨ ɨ̃ ɨː ɨ̃ː u ũ uː ũː e ẽ eː ẽː ə ə̃ əː ə̃ː o õ oː õː a ã aː ãː	
Yanomamɨ of Venezuela	yano1261	1.67967	-64.8781	40	12	28	0	14	14	tʰ p t k s ʃ h m n j w ɾ	i ĩ iː ĩː ɨ ɨ̃ ɨː ɨ̃ː u ũ uː ũː e ẽ eː ẽː ə ə̃ əː ə̃ː o õ oː õː a ã aː ãː	
Yanomamö	yano1261	1.67967	-64.8781	19	12	7	0	0	0	tʰ p t k s ʃ h m n j w ɾ	i ɨ u e ə o a	
Yãroamë of Serra do Pacu/Ajarani	dang1262			35	11	24	0	12	12	p t tʃ k x h m n ɲ w ɾ	i ĩ iː ĩː u ũ uː ũː e ẽ eː ẽː ə ə̃ əː ə̃ː o õ oː õː a ã aː ãː	
Yavitero	yavi1244	2.924844	-67.438886	21	17	4	0	0	0	b t d k g ts dz s h m n ɲ j w ɾ ɺ̥ ɺ	i u e a	
Yawalapití	yawa1261	-12.5104	-53.4236	21	17	4	0	0	0	p t k ts tʃ ʃ ʂ h m n ɲ j w r̥ ɾ l ʎ	i ɨ u a	
Yawanawa	yawa1260	-8.87563	-71.8199	19	15	4	0	0	0	p t k ts tʃ β s ʃ ʂ h m n j w ɾ	i ɨ u a	
Yekwana	maqu1238	4.70705	-64.3877	26	12	14	0	0	7	t tʃ k ʔ s h m n ɲ j w ɾ	i iː ɨ ɨː u uː e eː ə əː o oː a aː	
Yine	yine1238	-11.1086	-73.3087	26	16	10	0	0	5	p t k ts tʃ cç s ʃ ç h̃ m n j w ɾ l	i iː ɯ ɯː e eː o oː a aː	
Yora	yora1241	-11.3704	-72.0409	22	14	8	0	4	0	p t k ts tʃ ɸ s ʃ ʂ h m n j ɾ	i ĩ ɨ ɨ̃ u ũ a ã	
Yucuna	yucu1253	-0.76075	-71.0033	21	16	5	0	0	0	pʰ tʰ p t tʃ k ʔ s h m n ɲ j w ɾ l	i u e o a	
Yuhup	yuhu1238	0.2485	-69.8079	35	20	15	0	6	0	b̰ d̰ c̰ ɟ̰ k̰ p b t d c ɟ k g ʔ ʃ h j j̰ w w̰	i ĩ ɯ ɯ̃ u ũ e ɤ o ɛ ɛ̃ ɔ ɔ̃ a ã	
Yukpa (de Irapa)	yukp1241	9.67534	-73.0557	18	12	6	0	0	0	p t tʃ k ʔ s ʃ m n ʋ j ɾ	i ɨ u e o a	
Yukpa (Macoíta)	yukp1241	9.67534	-73.0557	21	15	6	0	0	0	p t tʃ k d β ʃ ɣ h m n ɲ j w ɾ	i ɨ u ɛ ɔ a	
Yuqui	yuqu1240	-16.7875	-64.9438	40	20	20	0	10	10	p t tʃ k kʲ kʷ ʔ b d g gʷ s ʝ x xʲ xʷ m n ɲ ɾ	i ĩ iː ĩː u ũ uː ũː e ẽ eː ẽː o õ oː õː a ã aː ãː	
Yurakaré	yura1255	-16.7479	-65.1224	25	18	7	0	0	0	p b t d tʃ ɟ k ʔ s ʃ ʒ̺ h m n ɲ j w l	i ɨ u e o æ a	
Yurutí	yuru1263	0.735585	-69.6955	17	11	6	0	0	0	p t k b d g s h j w ɾ	i ɨ u e o a	
Zo'é	zoee1240	-1.77208	-55.50746	26	14	12	0	6	0	p t tʃ k kʷ ʔ b d g s h j w ɾ	i ĩ ɨ ɨ̃ u ũ e ẽ ɔ ɔ̃ a ã	
